offer_ID,capacity_value,insurance_claim,structure_type,floor,price,service_index,company,earthquake_cover,robbery_cover
1,"150,000",ללא תביעות,בית פרטי,null,384,76,"מגדל חברה לביטוח בע""מ",כולל,כולל
2,"150,000",ללא תביעות,בית פרטי,null,465,73,"הכשרה חברה לביטוח בע""מ",כולל,כולל
3,"150,000",ללא תביעות,בית פרטי,null,540,81,"הפניקס חברה לביטוח בע""מ",כולל,כולל
4,"150,000",ללא תביעות,בית פרטי,null,590,80,"ביטוח חקלאי - אגודה שיתופית מרכזית בע""מ",כולל,כולל
5,"150,000",ללא תביעות,בית פרטי,null,596,79,"הראל חברה לביטוח בע""מ",כולל,כולל
6,"150,000",ללא תביעות,בית פרטי,null,600,84,"שומרה חברה לביטוח בע""מ",כולל,כולל
7,"150,000",ללא תביעות,בית פרטי,null,637,72,"מנורה מבטחים ביטוח בע""מ",כולל,כולל
8,"150,000",ללא תביעות,בית פרטי,null,669,74,"ש. שלמה חברה לביטוח בע""מ",כולל,כולל
9,"150,000",ללא תביעות,בית פרטי,null,719,77,"כלל חברה לביטוח בע""מ",כולל,כולל
10,"150,000",ללא תביעות,בית פרטי,null,806,78,"שירביט חברה לביטוח בע""מ",כולל,כולל
11,"150,000",ללא תביעות,בית פרטי,null,826,86,"איי. די. איי. חברה לביטוח בע""מ",כולל,כולל
12,"150,000",ללא תביעות,בית פרטי,null,863,null,"ווישור חברה לביטוח בע""מ",כולל,כולל
13,"150,000",ללא תביעות,בית פרטי,null,949,84,"איי אי ג'י ישראל חברה לביטוח בע""מ",כולל,כולל
14,"150,000",ללא תביעות,בית פרטי,null,1039,71,"איילון חברה לביטוח בע""מ",כולל,כולל
15,"150,000",ללא תביעות,בית פרטי,null,1233,null,"ליברה חברה לביטוח בע""מ",כולל,כולל
16,"150,000",ב-12 חודשים אחרונים,בית פרטי,null,495,76,"מגדל חברה לביטוח בע""מ",כולל,כולל
17,"150,000",ב-12 חודשים אחרונים,בית פרטי,null,503,73,"הכשרה חברה לביטוח בע""מ",כולל,כולל
18,"150,000",ב-12 חודשים אחרונים,בית פרטי,null,540,81,"הפניקס חברה לביטוח בע""מ",כולל,כולל
19,"150,000",ב-12 חודשים אחרונים,בית פרטי,null,590,80,"ביטוח חקלאי - אגודה שיתופית מרכזית בע""מ",כולל,כולל
20,"150,000",ב-12 חודשים אחרונים,בית פרטי,null,596,79,"הראל חברה לביטוח בע""מ",כולל,כולל
21,"150,000",ב-12 חודשים אחרונים,בית פרטי,null,600,84,"שומרה חברה לביטוח בע""מ",כולל,כולל
22,"150,000",ב-12 חודשים אחרונים,בית פרטי,null,637,72,"מנורה מבטחים ביטוח בע""מ",כולל,כולל
23,"150,000",ב-12 חודשים אחרונים,בית פרטי,null,669,74,"ש. שלמה חברה לביטוח בע""מ",כולל,כולל
24,"150,000",ב-12 חודשים אחרונים,בית פרטי,null,760,77,"כלל חברה לביטוח בע""מ",כולל,כולל
25,"150,000",ב-12 חודשים אחרונים,בית פרטי,null,826,86,"איי. די. איי. חברה לביטוח בע""מ",כולל,כולל
26,"150,000",ב-12 חודשים אחרונים,בית פרטי,null,863,null,"ווישור חברה לביטוח בע""מ",כולל,כולל
27,"150,000",ב-12 חודשים אחרונים,בית פרטי,null,893,78,"שירביט חברה לביטוח בע""מ",כולל,כולל
28,"150,000",ב-12 חודשים אחרונים,בית פרטי,null,1112,71,"איילון חברה לביטוח בע""מ",כולל,כולל
29,"150,000",ב-12 חודשים אחרונים,בית פרטי,null,1299,84,"איי אי ג'י ישראל חברה לביטוח בע""מ",כולל,כולל
30,"150,000",ב-12 חודשים אחרונים,בית פרטי,null,1345,null,"ליברה חברה לביטוח בע""מ",כולל,כולל
31,"150,000",ב-24 חודשים האחרונים,בית פרטי,null,495,76,"מגדל חברה לביטוח בע""מ",כולל,כולל
32,"150,000",ב-24 חודשים האחרונים,בית פרטי,null,503,73,"הכשרה חברה לביטוח בע""מ",כולל,כולל
33,"150,000",ב-24 חודשים האחרונים,בית פרטי,null,540,81,"הפניקס חברה לביטוח בע""מ",כולל,כולל
34,"150,000",ב-24 חודשים האחרונים,בית פרטי,null,590,80,"ביטוח חקלאי - אגודה שיתופית מרכזית בע""מ",כולל,כולל
35,"150,000",ב-24 חודשים האחרונים,בית פרטי,null,596,79,"הראל חברה לביטוח בע""מ",כולל,כולל
36,"150,000",ב-24 חודשים האחרונים,בית פרטי,null,600,84,"שומרה חברה לביטוח בע""מ",כולל,כולל
37,"150,000",ב-24 חודשים האחרונים,בית פרטי,null,637,72,"מנורה מבטחים ביטוח בע""מ",כולל,כולל
38,"150,000",ב-24 חודשים האחרונים,בית פרטי,null,669,74,"ש. שלמה חברה לביטוח בע""מ",כולל,כולל
39,"150,000",ב-24 חודשים האחרונים,בית פרטי,null,747,77,"כלל חברה לביטוח בע""מ",כולל,כולל
40,"150,000",ב-24 חודשים האחרונים,בית פרטי,null,826,86,"איי. די. איי. חברה לביטוח בע""מ",כולל,כולל
41,"150,000",ב-24 חודשים האחרונים,בית פרטי,null,863,null,"ווישור חברה לביטוח בע""מ",כולל,כולל
42,"150,000",ב-24 חודשים האחרונים,בית פרטי,null,893,78,"שירביט חברה לביטוח בע""מ",כולל,כולל
43,"150,000",ב-24 חודשים האחרונים,בית פרטי,null,1112,71,"איילון חברה לביטוח בע""מ",כולל,כולל
44,"150,000",ב-24 חודשים האחרונים,בית פרטי,null,1229,84,"איי אי ג'י ישראל חברה לביטוח בע""מ",כולל,כולל
45,"150,000",ב-24 חודשים האחרונים,בית פרטי,null,1345,null,"ליברה חברה לביטוח בע""מ",כולל,כולל
46,"150,000",ב-36 חודשים אחרונים,בית פרטי,null,495,76,"מגדל חברה לביטוח בע""מ",כולל,כולל
47,"150,000",ב-36 חודשים אחרונים,בית פרטי,null,503,73,"הכשרה חברה לביטוח בע""מ",כולל,כולל
48,"150,000",ב-36 חודשים אחרונים,בית פרטי,null,540,81,"הפניקס חברה לביטוח בע""מ",כולל,כולל
49,"150,000",ב-36 חודשים אחרונים,בית פרטי,null,590,80,"ביטוח חקלאי - אגודה שיתופית מרכזית בע""מ",כולל,כולל
50,"150,000",ב-36 חודשים אחרונים,בית פרטי,null,596,79,"הראל חברה לביטוח בע""מ",כולל,כולל
51,"150,000",ב-36 חודשים אחרונים,בית פרטי,null,600,84,"שומרה חברה לביטוח בע""מ",כולל,כולל
52,"150,000",ב-36 חודשים אחרונים,בית פרטי,null,637,72,"מנורה מבטחים ביטוח בע""מ",כולל,כולל
53,"150,000",ב-36 חודשים אחרונים,בית פרטי,null,669,74,"ש. שלמה חברה לביטוח בע""מ",כולל,כולל
54,"150,000",ב-36 חודשים אחרונים,בית פרטי,null,733,77,"כלל חברה לביטוח בע""מ",כולל,כולל
55,"150,000",ב-36 חודשים אחרונים,בית פרטי,null,826,86,"איי. די. איי. חברה לביטוח בע""מ",כולל,כולל
56,"150,000",ב-36 חודשים אחרונים,בית פרטי,null,863,null,"ווישור חברה לביטוח בע""מ",כולל,כולל
57,"150,000",ב-36 חודשים אחרונים,בית פרטי,null,893,78,"שירביט חברה לביטוח בע""מ",כולל,כולל
58,"150,000",ב-36 חודשים אחרונים,בית פרטי,null,1112,71,"איילון חברה לביטוח בע""מ",כולל,כולל
59,"150,000",ב-36 חודשים אחרונים,בית פרטי,null,1159,84,"איי אי ג'י ישראל חברה לביטוח בע""מ",כולל,כולל
60,"150,000",ב-36 חודשים אחרונים,בית פרטי,null,1289,null,"ליברה חברה לביטוח בע""מ",כולל,כולל
61,"150,000",יותר מאחת בשלוש שנים,בית פרטי,null,495,76,"מגדל חברה לביטוח בע""מ",כולל,כולל
62,"150,000",יותר מאחת בשלוש שנים,בית פרטי,null,503,73,"הכשרה חברה לביטוח בע""מ",כולל,כולל
63,"150,000",יותר מאחת בשלוש שנים,בית פרטי,null,540,81,"הפניקס חברה לביטוח בע""מ",כולל,כולל
64,"150,000",יותר מאחת בשלוש שנים,בית פרטי,null,590,80,"ביטוח חקלאי - אגודה שיתופית מרכזית בע""מ",כולל,כולל
65,"150,000",יותר מאחת בשלוש שנים,בית פרטי,null,596,79,"הראל חברה לביטוח בע""מ",כולל,כולל
66,"150,000",יותר מאחת בשלוש שנים,בית פרטי,null,600,84,"שומרה חברה לביטוח בע""מ",כולל,כולל
67,"150,000",יותר מאחת בשלוש שנים,בית פרטי,null,637,72,"מנורה מבטחים ביטוח בע""מ",כולל,כולל
68,"150,000",יותר מאחת בשלוש שנים,בית פרטי,null,669,74,"ש. שלמה חברה לביטוח בע""מ",כולל,כולל
69,"150,000",יותר מאחת בשלוש שנים,בית פרטי,null,760,77,"כלל חברה לביטוח בע""מ",כולל,כולל
70,"150,000",יותר מאחת בשלוש שנים,בית פרטי,null,826,86,"איי. די. איי. חברה לביטוח בע""מ",כולל,כולל
71,"150,000",יותר מאחת בשלוש שנים,בית פרטי,null,863,null,"ווישור חברה לביטוח בע""מ",כולל,כולל
72,"150,000",יותר מאחת בשלוש שנים,בית פרטי,null,893,78,"שירביט חברה לביטוח בע""מ",כולל,כולל
73,"150,000",יותר מאחת בשלוש שנים,בית פרטי,null,1195,71,"איילון חברה לביטוח בע""מ",כולל,כולל
74,"150,000",יותר מאחת בשלוש שנים,בית פרטי,null,1345,84,"איי אי ג'י ישראל חברה לביטוח בע""מ",כולל,כולל
75,"150,000",יותר מאחת בשלוש שנים,בית פרטי,null,1648,null,"ליברה חברה לביטוח בע""מ",כולל,כולל
76,"150,000",ללא תביעות,דו משפחתי,null,384,76,"מגדל חברה לביטוח בע""מ",כולל,כולל
77,"150,000",ללא תביעות,דו משפחתי,null,465,73,"הכשרה חברה לביטוח בע""מ",כולל,כולל
78,"150,000",ללא תביעות,דו משפחתי,null,540,81,"הפניקס חברה לביטוח בע""מ",כולל,כולל
79,"150,000",ללא תביעות,דו משפחתי,null,590,80,"ביטוח חקלאי - אגודה שיתופית מרכזית בע""מ",כולל,כולל
80,"150,000",ללא תביעות,דו משפחתי,null,596,79,"הראל חברה לביטוח בע""מ",כולל,כולל
81,"150,000",ללא תביעות,דו משפחתי,null,600,84,"שומרה חברה לביטוח בע""מ",כולל,כולל
82,"150,000",ללא תביעות,דו משפחתי,null,637,72,"מנורה מבטחים ביטוח בע""מ",כולל,כולל
83,"150,000",ללא תביעות,דו משפחתי,null,669,74,"ש. שלמה חברה לביטוח בע""מ",כולל,כולל
84,"150,000",ללא תביעות,דו משפחתי,null,719,77,"כלל חברה לביטוח בע""מ",כולל,כולל
85,"150,000",ללא תביעות,דו משפחתי,null,729,84,"איי אי ג'י ישראל חברה לביטוח בע""מ",כולל,כולל
86,"150,000",ללא תביעות,דו משפחתי,null,775,86,"איי. די. איי. חברה לביטוח בע""מ",כולל,כולל
87,"150,000",ללא תביעות,דו משפחתי,null,806,78,"שירביט חברה לביטוח בע""מ",כולל,כולל
88,"150,000",ללא תביעות,דו משפחתי,null,863,null,"ווישור חברה לביטוח בע""מ",כולל,כולל
89,"150,000",ללא תביעות,דו משפחתי,null,1039,71,"איילון חברה לביטוח בע""מ",כולל,כולל
90,"150,000",ללא תביעות,דו משפחתי,null,1233,null,"ליברה חברה לביטוח בע""מ",כולל,כולל
91,"150,000",ב-12 חודשים אחרונים,דו משפחתי,null,495,76,"מגדל חברה לביטוח בע""מ",כולל,כולל
92,"150,000",ב-12 חודשים אחרונים,דו משפחתי,null,503,73,"הכשרה חברה לביטוח בע""מ",כולל,כולל
93,"150,000",ב-12 חודשים אחרונים,דו משפחתי,null,540,81,"הפניקס חברה לביטוח בע""מ",כולל,כולל
94,"150,000",ב-12 חודשים אחרונים,דו משפחתי,null,590,80,"ביטוח חקלאי - אגודה שיתופית מרכזית בע""מ",כולל,כולל
95,"150,000",ב-12 חודשים אחרונים,דו משפחתי,null,596,79,"הראל חברה לביטוח בע""מ",כולל,כולל
96,"150,000",ב-12 חודשים אחרונים,דו משפחתי,null,600,84,"שומרה חברה לביטוח בע""מ",כולל,כולל
97,"150,000",ב-12 חודשים אחרונים,דו משפחתי,null,637,72,"מנורה מבטחים ביטוח בע""מ",כולל,כולל
98,"150,000",ב-12 חודשים אחרונים,דו משפחתי,null,669,74,"ש. שלמה חברה לביטוח בע""מ",כולל,כולל
99,"150,000",ב-12 חודשים אחרונים,דו משפחתי,null,760,77,"כלל חברה לביטוח בע""מ",כולל,כולל
100,"150,000",ב-12 חודשים אחרונים,דו משפחתי,null,775,86,"איי. די. איי. חברה לביטוח בע""מ",כולל,כולל
101,"150,000",ב-12 חודשים אחרונים,דו משפחתי,null,863,null,"ווישור חברה לביטוח בע""מ",כולל,כולל
102,"150,000",ב-12 חודשים אחרונים,דו משפחתי,null,893,78,"שירביט חברה לביטוח בע""מ",כולל,כולל
103,"150,000",ב-12 חודשים אחרונים,דו משפחתי,null,969,84,"איי אי ג'י ישראל חברה לביטוח בע""מ",כולל,כולל
104,"150,000",ב-12 חודשים אחרונים,דו משפחתי,null,1112,71,"איילון חברה לביטוח בע""מ",כולל,כולל
105,"150,000",ב-12 חודשים אחרונים,דו משפחתי,null,1345,null,"ליברה חברה לביטוח בע""מ",כולל,כולל
106,"150,000",ב-24 חודשים אחרונים,דו משפחתי,null,495,76,"מגדל חברה לביטוח בע""מ",כולל,כולל
107,"150,000",ב-24 חודשים אחרונים,דו משפחתי,null,503,73,"הכשרה חברה לביטוח בע""מ",כולל,כולל
108,"150,000",ב-24 חודשים אחרונים,דו משפחתי,null,540,81,"הפניקס חברה לביטוח בע""מ",כולל,כולל
109,"150,000",ב-24 חודשים אחרונים,דו משפחתי,null,590,80,"ביטוח חקלאי - אגודה שיתופית מרכזית בע""מ",כולל,כולל
110,"150,000",ב-24 חודשים אחרונים,דו משפחתי,null,596,79,"הראל חברה לביטוח בע""מ",כולל,כולל
111,"150,000",ב-24 חודשים אחרונים,דו משפחתי,null,600,84,"שומרה חברה לביטוח בע""מ",כולל,כולל
112,"150,000",ב-24 חודשים אחרונים,דו משפחתי,null,637,72,"מנורה מבטחים ביטוח בע""מ",כולל,כולל
113,"150,000",ב-24 חודשים אחרונים,דו משפחתי,null,669,74,"ש. שלמה חברה לביטוח בע""מ",כולל,כולל
114,"150,000",ב-24 חודשים אחרונים,דו משפחתי,null,760,77,"כלל חברה לביטוח בע""מ",כולל,כולל
115,"150,000",ב-24 חודשים אחרונים,דו משפחתי,null,775,86,"איי. די. איי. חברה לביטוח בע""מ",כולל,כולל
116,"150,000",ב-24 חודשים אחרונים,דו משפחתי,null,863,null,"ווישור חברה לביטוח בע""מ",כולל,כולל
117,"150,000",ב-24 חודשים אחרונים,דו משפחתי,null,893,78,"שירביט חברה לביטוח בע""מ",כולל,כולל
118,"150,000",ב-24 חודשים אחרונים,דו משפחתי,null,1195,71,"איילון חברה לביטוח בע""מ",כולל,כולל
119,"150,000",ב-24 חודשים אחרונים,דו משפחתי,null,1208,84,"איי אי ג'י ישראל חברה לביטוח בע""מ",כולל,כולל
120,"150,000",ב-24 חודשים אחרונים,דו משפחתי,null,1345,null,"ליברה חברה לביטוח בע""מ",כולל,כולל
121,"150,000",ב-36 חודשים אחרונים,דו משפחתי,null,495,76,"מגדל חברה לביטוח בע""מ",כולל,כולל
122,"150,000",ב-36 חודשים אחרונים,דו משפחתי,null,503,73,"הכשרה חברה לביטוח בע""מ",כולל,כולל
123,"150,000",ב-36 חודשים אחרונים,דו משפחתי,null,540,81,"הפניקס חברה לביטוח בע""מ",כולל,כולל
124,"150,000",ב-36 חודשים אחרונים,דו משפחתי,null,590,80,"ביטוח חקלאי - אגודה שיתופית מרכזית בע""מ",כולל,כולל
125,"150,000",ב-36 חודשים אחרונים,דו משפחתי,null,596,79,"הראל חברה לביטוח בע""מ",כולל,כולל
126,"150,000",ב-36 חודשים אחרונים,דו משפחתי,null,600,84,"שומרה חברה לביטוח בע""מ",כולל,כולל
127,"150,000",ב-36 חודשים אחרונים,דו משפחתי,null,637,72,"מנורה מבטחים ביטוח בע""מ",כולל,כולל
128,"150,000",ב-36 חודשים אחרונים,דו משפחתי,null,669,74,"ש. שלמה חברה לביטוח בע""מ",כולל,כולל
129,"150,000",ב-36 חודשים אחרונים,דו משפחתי,null,733,77,"כלל חברה לביטוח בע""מ",כולל,כולל
130,"150,000",ב-36 חודשים אחרונים,דו משפחתי,null,775,86,"איי. די. איי. חברה לביטוח בע""מ",כולל,כולל
131,"150,000",ב-36 חודשים אחרונים,דו משפחתי,null,863,null,"ווישור חברה לביטוח בע""מ",כולל,כולל
132,"150,000",ב-36 חודשים אחרונים,דו משפחתי,null,873,84,"איי אי ג'י ישראל חברה לביטוח בע""מ",כולל,כולל
133,"150,000",ב-36 חודשים אחרונים,דו משפחתי,null,893,78,"שירביט חברה לביטוח בע""מ",כולל,כולל
134,"150,000",ב-36 חודשים אחרונים,דו משפחתי,null,1112,71,"איילון חברה לביטוח בע""מ",כולל,כולל
135,"150,000",ב-36 חודשים אחרונים,דו משפחתי,null,1289,null,"ליברה חברה לביטוח בע""מ",כולל,כולל
136,"150,000",יותר מאחת בשלוש שנים,דו משפחתי,null,495,76,"מגדל חברה לביטוח בע""מ",כולל,כולל
137,"150,000",יותר מאחת בשלוש שנים,דו משפחתי,null,503,73,"הכשרה חברה לביטוח בע""מ",כולל,כולל
138,"150,000",יותר מאחת בשלוש שנים,דו משפחתי,null,540,81,"הפניקס חברה לביטוח בע""מ",כולל,כולל
139,"150,000",יותר מאחת בשלוש שנים,דו משפחתי,null,590,80,"ביטוח חקלאי - אגודה שיתופית מרכזית בע""מ",כולל,כולל
140,"150,000",יותר מאחת בשלוש שנים,דו משפחתי,null,596,79,"הראל חברה לביטוח בע""מ",כולל,כולל
141,"150,000",יותר מאחת בשלוש שנים,דו משפחתי,null,600,84,"שומרה חברה לביטוח בע""מ",כולל,כולל
142,"150,000",יותר מאחת בשלוש שנים,דו משפחתי,null,637,72,"מנורה מבטחים ביטוח בע""מ",כולל,כולל
143,"150,000",יותר מאחת בשלוש שנים,דו משפחתי,null,669,74,"ש. שלמה חברה לביטוח בע""מ",כולל,כולל
144,"150,000",יותר מאחת בשלוש שנים,דו משפחתי,null,733,77,"כלל חברה לביטוח בע""מ",כולל,כולל
145,"150,000",יותר מאחת בשלוש שנים,דו משפחתי,null,775,86,"איי. די. איי. חברה לביטוח בע""מ",כולל,כולל
146,"150,000",יותר מאחת בשלוש שנים,דו משפחתי,null,863,null,"ווישור חברה לביטוח בע""מ",כולל,כולל
147,"150,000",יותר מאחת בשלוש שנים,דו משפחתי,null,873,78,"שירביט חברה לביטוח בע""מ",כולל,כולל
148,"150,000",יותר מאחת בשלוש שנים,דו משפחתי,null,893,84,"איי אי ג'י ישראל חברה לביטוח בע""מ",כולל,כולל
149,"150,000",יותר מאחת בשלוש שנים,דו משפחתי,null,1112,71,"איילון חברה לביטוח בע""מ",כולל,כולל
150,"150,000",יותר מאחת בשלוש שנים,דו משפחתי,null,1289,null,"ליברה חברה לביטוח בע""מ",כולל,כולל
151,"150,000",ללא תביעות,בניין קומת קרקע,null,384,76,"מגדל חברה לביטוח בע""מ",כולל,כולל
152,"150,000",ללא תביעות,בניין קומת קרקע,null,465,73,"הכשרה חברה לביטוח בע""מ",כולל,כולל
153,"150,000",ללא תביעות,בניין קומת קרקע,null,500,81,"הפניקס חברה לביטוח בע""מ",כולל,כולל
154,"150,000",ללא תביעות,בניין קומת קרקע,null,569,74,"ש. שלמה חברה לביטוח בע""מ",כולל,כולל
155,"150,000",ללא תביעות,בניין קומת קרקע,null,590,80,"ביטוח חקלאי - אגודה שיתופית מרכזית בע""מ",כולל,כולל
156,"150,000",ללא תביעות,בניין קומת קרקע,null,596,79,"הראל חברה לביטוח בע""מ",כולל,כולל
157,"150,000",ללא תביעות,בניין קומת קרקע,null,600,84,"שומרה חברה לביטוח בע""מ",כולל,כולל
158,"150,000",ללא תביעות,בניין קומת קרקע,null,614,84,"איי אי ג'י ישראל חברה לביטוח בע""מ",כולל,כולל
159,"150,000",ללא תביעות,בניין קומת קרקע,null,637,72,"מנורה מבטחים ביטוח בע""מ",כולל,כולל
160,"150,000",ללא תביעות,בניין קומת קרקע,null,719,77,"כלל חברה לביטוח בע""מ",כולל,כולל
161,"150,000",ללא תביעות,בניין קומת קרקע,null,766,86,"איי. די. איי. חברה לביטוח בע""מ",כולל,כולל
162,"150,000",ללא תביעות,בניין קומת קרקע,null,774,null,"ליברה חברה לביטוח בע""מ",כולל,כולל
163,"150,000",ללא תביעות,בניין קומת קרקע,null,822,78,"שירביט חברה לביטוח בע""מ",כולל,כולל
164,"150,000",ללא תביעות,בניין קומת קרקע,null,863,null,"ווישור חברה לביטוח בע""מ",כולל,כולל
165,"150,000",ללא תביעות,בניין קומת קרקע,null,1039,71,"איילון חברה לביטוח בע""מ",כולל,כולל
166,"150,000",ב-12 חודשים אחרונים,בניין קומת קרקע,null,495,76,"מגדל חברה לביטוח בע""מ",כולל,כולל
167,"150,000",ב-12 חודשים אחרונים,בניין קומת קרקע,null,500,81,"הפניקס חברה לביטוח בע""מ",כולל,כולל
168,"150,000",ב-12 חודשים אחרונים,בניין קומת קרקע,null,503,73,"הכשרה חברה לביטוח בע""מ",כולל,כולל
169,"150,000",ב-12 חודשים אחרונים,בניין קומת קרקע,null,569,74,"ש. שלמה חברה לביטוח בע""מ",כולל,כולל
170,"150,000",ב-12 חודשים אחרונים,בניין קומת קרקע,null,590,80,"ביטוח חקלאי - אגודה שיתופית מרכזית בע""מ",כולל,כולל
171,"150,000",ב-12 חודשים אחרונים,בניין קומת קרקע,null,596,79,"הראל חברה לביטוח בע""מ",כולל,כולל
172,"150,000",ב-12 חודשים אחרונים,בניין קומת קרקע,null,600,84,"שומרה חברה לביטוח בע""מ",כולל,כולל
173,"150,000",ב-12 חודשים אחרונים,בניין קומת קרקע,null,637,72,"מנורה מבטחים ביטוח בע""מ",כולל,כולל
174,"150,000",ב-12 חודשים אחרונים,בניין קומת קרקע,null,760,77,"כלל חברה לביטוח בע""מ",כולל,כולל
175,"150,000",ב-12 חודשים אחרונים,בניין קומת קרקע,null,766,86,"איי. די. איי. חברה לביטוח בע""מ",כולל,כולל
176,"150,000",ב-12 חודשים אחרונים,בניין קומת קרקע,null,796,84,"איי אי ג'י ישראל חברה לביטוח בע""מ",כולל,כולל
177,"150,000",ב-12 חודשים אחרונים,בניין קומת קרקע,null,835,null,"ליברה חברה לביטוח בע""מ",כולל,כולל
178,"150,000",ב-12 חודשים אחרונים,בניין קומת קרקע,null,863,null,"ווישור חברה לביטוח בע""מ",כולל,כולל
179,"150,000",ב-12 חודשים אחרונים,בניין קומת קרקע,null,912,78,"שירביט חברה לביטוח בע""מ",כולל,כולל
180,"150,000",ב-12 חודשים אחרונים,בניין קומת קרקע,null,1112,71,"איילון חברה לביטוח בע""מ",כולל,כולל
181,"150,000",ב-24 חודשים אחרונים,בניין קומת קרקע,null,495,76,"מגדל חברה לביטוח בע""מ",כולל,כולל
182,"150,000",ב-24 חודשים אחרונים,בניין קומת קרקע,null,500,81,"הפניקס חברה לביטוח בע""מ",כולל,כולל
183,"150,000",ב-24 חודשים אחרונים,בניין קומת קרקע,null,503,73,"הכשרה חברה לביטוח בע""מ",כולל,כולל
184,"150,000",ב-24 חודשים אחרונים,בניין קומת קרקע,null,569,74,"ש. שלמה חברה לביטוח בע""מ",כולל,כולל
185,"150,000",ב-24 חודשים אחרונים,בניין קומת קרקע,null,590,80,"ביטוח חקלאי - אגודה שיתופית מרכזית בע""מ",כולל,כולל
186,"150,000",ב-24 חודשים אחרונים,בניין קומת קרקע,null,596,79,"הראל חברה לביטוח בע""מ",כולל,כולל
187,"150,000",ב-24 חודשים אחרונים,בניין קומת קרקע,null,600,84,"שומרה חברה לביטוח בע""מ",כולל,כולל
188,"150,000",ב-24 חודשים אחרונים,בניין קומת קרקע,null,637,72,"מנורה מבטחים ביטוח בע""מ",כולל,כולל
189,"150,000",ב-24 חודשים אחרונים,בניין קומת קרקע,null,747,77,"כלל חברה לביטוח בע""מ",כולל,כולל
190,"150,000",ב-24 חודשים אחרונים,בניין קומת קרקע,null,760,84,"איי אי ג'י ישראל חברה לביטוח בע""מ",כולל,כולל
191,"150,000",ב-24 חודשים אחרונים,בניין קומת קרקע,null,766,86,"איי. די. איי. חברה לביטוח בע""מ",כולל,כולל
192,"150,000",ב-24 חודשים אחרונים,בניין קומת קרקע,null,835,null,"ליברה חברה לביטוח בע""מ",כולל,כולל
193,"150,000",ב-24 חודשים אחרונים,בניין קומת קרקע,null,863,null,"ווישור חברה לביטוח בע""מ",כולל,כולל
194,"150,000",ב-24 חודשים אחרונים,בניין קומת קרקע,null,912,78,"שירביט חברה לביטוח בע""מ",כולל,כולל
195,"150,000",ב-24 חודשים אחרונים,בניין קומת קרקע,null,1112,71,"איילון חברה לביטוח בע""מ",כולל,כולל
196,"150,000",ב-36 חודשים אחרונים,בניין קומת קרקע,null,495,76,"מגדל חברה לביטוח בע""מ",כולל,כולל
197,"150,000",ב-36 חודשים אחרונים,בניין קומת קרקע,null,500,81,"הפניקס חברה לביטוח בע""מ",כולל,כולל
198,"150,000",ב-36 חודשים אחרונים,בניין קומת קרקע,null,503,73,"הכשרה חברה לביטוח בע""מ",כולל,כולל
199,"150,000",ב-36 חודשים אחרונים,בניין קומת קרקע,null,569,74,"ש. שלמה חברה לביטוח בע""מ",כולל,כולל
200,"150,000",ב-36 חודשים אחרונים,בניין קומת קרקע,null,590,80,"ביטוח חקלאי - אגודה שיתופית מרכזית בע""מ",כולל,כולל
201,"150,000",ב-36 חודשים אחרונים,בניין קומת קרקע,null,596,79,"הראל חברה לביטוח בע""מ",כולל,כולל
202,"150,000",ב-36 חודשים אחרונים,בניין קומת קרקע,null,600,84,"שומרה חברה לביטוח בע""מ",כולל,כולל
203,"150,000",ב-36 חודשים אחרונים,בניין קומת קרקע,null,637,72,"מנורה מבטחים ביטוח בע""מ",כולל,כולל
204,"150,000",ב-36 חודשים אחרונים,בניין קומת קרקע,null,724,84,"איי אי ג'י ישראל חברה לביטוח בע""מ",כולל,כולל
205,"150,000",ב-36 חודשים אחרונים,בניין קומת קרקע,null,733,77,"כלל חברה לביטוח בע""מ",כולל,כולל
206,"150,000",ב-36 חודשים אחרונים,בניין קומת קרקע,null,766,86,"איי. די. איי. חברה לביטוח בע""מ",כולל,כולל
207,"150,000",ב-36 חודשים אחרונים,בניין קומת קרקע,null,804,null,"ליברה חברה לביטוח בע""מ",כולל,כולל
208,"150,000",ב-36 חודשים אחרונים,בניין קומת קרקע,null,863,null,"ווישור חברה לביטוח בע""מ",כולל,כולל
209,"150,000",ב-36 חודשים אחרונים,בניין קומת קרקע,null,912,78,"שירביט חברה לביטוח בע""מ",כולל,כולל
210,"150,000",ב-36 חודשים אחרונים,בניין קומת קרקע,null,1112,71,"איילון חברה לביטוח בע""מ",כולל,כולל
211,"150,000",יותר מאחת בשלוש שנים,בניין קומת קרקע,null,495,76,"מגדל חברה לביטוח בע""מ",כולל,כולל
212,"150,000",יותר מאחת בשלוש שנים,בניין קומת קרקע,null,500,81,"הפניקס חברה לביטוח בע""מ",כולל,כולל
213,"150,000",יותר מאחת בשלוש שנים,בניין קומת קרקע,null,503,73,"הכשרה חברה לביטוח בע""מ",כולל,כולל
214,"150,000",יותר מאחת בשלוש שנים,בניין קומת קרקע,null,569,74,"ש. שלמה חברה לביטוח בע""מ",כולל,כולל
215,"150,000",יותר מאחת בשלוש שנים,בניין קומת קרקע,null,590,80,"ביטוח חקלאי - אגודה שיתופית מרכזית בע""מ",כולל,כולל
216,"150,000",יותר מאחת בשלוש שנים,בניין קומת קרקע,null,596,79,"הראל חברה לביטוח בע""מ",כולל,כולל
217,"150,000",יותר מאחת בשלוש שנים,בניין קומת קרקע,null,600,84,"שומרה חברה לביטוח בע""מ",כולל,כולל
218,"150,000",יותר מאחת בשלוש שנים,בניין קומת קרקע,null,637,72,"מנורה מבטחים ביטוח בע""מ",כולל,כולל
219,"150,000",יותר מאחת בשלוש שנים,בניין קומת קרקע,null,760,77,"כלל חברה לביטוח בע""מ",כולל,כולל
220,"150,000",יותר מאחת בשלוש שנים,בניין קומת קרקע,null,766,86,"איי. די. איי. חברה לביטוח בע""מ",כולל,כולל
221,"150,000",יותר מאחת בשלוש שנים,בניין קומת קרקע,null,835,null,"ליברה חברה לביטוח בע""מ",כולל,כולל
222,"150,000",יותר מאחת בשלוש שנים,בניין קומת קרקע,null,863,null,"ווישור חברה לביטוח בע""מ",כולל,כולל
223,"150,000",יותר מאחת בשלוש שנים,בניין קומת קרקע,null,912,78,"שירביט חברה לביטוח בע""מ",כולל,כולל
224,"150,000",יותר מאחת בשלוש שנים,בניין קומת קרקע,null,979,84,"איי אי ג'י ישראל חברה לביטוח בע""מ",כולל,כולל
225,"150,000",יותר מאחת בשלוש שנים,בניין קומת קרקע,null,1195,71,"איילון חברה לביטוח בע""מ",כולל,כולל
226,"150,000",ללא תביעות,בניין קומת ביניים,2,279,76,"מגדל חברה לביטוח בע""מ",כולל,כולל
227,"150,000",ללא תביעות,בניין קומת ביניים,2,393,80,"ביטוח חקלאי - אגודה שיתופית מרכזית בע""מ",כולל,כולל
228,"150,000",ללא תביעות,בניין קומת ביניים,2,402,79,"הראל חברה לביטוח בע""מ",כולל,כולל
229,"150,000",ללא תביעות,בניין קומת ביניים,2,409,74,"ש. שלמה חברה לביטוח בע""מ",כולל,כולל
230,"150,000",ללא תביעות,בניין קומת ביניים,2,465,73,"הכשרה חברה לביטוח בע""מ",כולל,כולל
231,"150,000",ללא תביעות,בניין קומת ביניים,2,480,72,"מנורה מבטחים ביטוח בע""מ",כולל,כולל
232,"150,000",ללא תביעות,בניין קומת ביניים,2,500,81,"הפניקס חברה לביטוח בע""מ",כולל,כולל
233,"150,000",ללא תביעות,בניין קומת ביניים,2,501,77,"כלל חברה לביטוח בע""מ",כולל,כולל
234,"150,000",ללא תביעות,בניין קומת ביניים,2,508,78,"שירביט חברה לביטוח בע""מ",כולל,כולל
235,"150,000",ללא תביעות,בניין קומת ביניים,2,560,84,"איי אי ג'י ישראל חברה לביטוח בע""מ",כולל,כולל
236,"150,000",ללא תביעות,בניין קומת ביניים,2,584,86,"איי. די. איי. חברה לביטוח בע""מ",כולל,כולל
237,"150,000",ללא תביעות,בניין קומת ביניים,2,600,84,"שומרה חברה לביטוח בע""מ",כולל,כולל
238,"150,000",ללא תביעות,בניין קומת ביניים,2,611,71,"איילון חברה לביטוח בע""מ",כולל,כולל
239,"150,000",ללא תביעות,בניין קומת ביניים,2,650,null,"ליברה חברה לביטוח בע""מ",כולל,כולל
240,"150,000",ללא תביעות,בניין קומת ביניים,2,863,null,"ווישור חברה לביטוח בע""מ",כולל,כולל
241,"150,000",ב-12 חודשים אחרונים,בניין קומת ביניים,2,351,76,"מגדל חברה לביטוח בע""מ",כולל,כולל
242,"150,000",ב-12 חודשים אחרונים,בניין קומת ביניים,2,393,80,"ביטוח חקלאי - אגודה שיתופית מרכזית בע""מ",כולל,כולל
243,"150,000",ב-12 חודשים אחרונים,בניין קומת ביניים,2,402,79,"הראל חברה לביטוח בע""מ",כולל,כולל
244,"150,000",ב-12 חודשים אחרונים,בניין קומת ביניים,2,409,74,"ש. שלמה חברה לביטוח בע""מ",כולל,כולל
245,"150,000",ב-12 חודשים אחרונים,בניין קומת ביניים,2,480,72,"מנורה מבטחים ביטוח בע""מ",כולל,כולל
246,"150,000",ב-12 חודשים אחרונים,בניין קומת ביניים,2,500,81,"הפניקס חברה לביטוח בע""מ",כולל,כולל
247,"150,000",ב-12 חודשים אחרונים,בניין קומת ביניים,2,503,73,"הכשרה חברה לביטוח בע""מ",כולל,כולל
248,"150,000",ב-12 חודשים אחרונים,בניין קומת ביניים,2,525,77,"כלל חברה לביטוח בע""מ",כולל,כולל
249,"150,000",ב-12 חודשים אחרונים,בניין קומת ביניים,2,557,78,"שירביט חברה לביטוח בע""מ",כולל,כולל
250,"150,000",ב-12 חודשים אחרונים,בניין קומת ביניים,2,584,86,"איי. די. איי. חברה לביטוח בע""מ",כולל,כולל
251,"150,000",ב-12 חודשים אחרונים,בניין קומת ביניים,2,600,84,"שומרה חברה לביטוח בע""מ",כולל,כולל
252,"150,000",ב-12 חודשים אחרונים,בניין קומת ביניים,2,650,null,"ליברה חברה לביטוח בע""מ",כולל,כולל
253,"150,000",ב-12 חודשים אחרונים,בניין קומת ביניים,2,654,71,"איילון חברה לביטוח בע""מ",כולל,כולל
254,"150,000",ב-12 חודשים אחרונים,בניין קומת ביניים,2,716,84,"איי אי ג'י ישראל חברה לביטוח בע""מ",כולל,כולל
255,"150,000",ב-12 חודשים אחרונים,בניין קומת ביניים,2,863,null,"ווישור חברה לביטוח בע""מ",כולל,כולל
256,"150,000",ב-24 חודשים אחרונים,בניין קומת ביניים,2,351,76,"מגדל חברה לביטוח בע""מ",כולל,כולל
257,"150,000",ב-24 חודשים אחרונים,בניין קומת ביניים,2,393,80,"ביטוח חקלאי - אגודה שיתופית מרכזית בע""מ",כולל,כולל
258,"150,000",ב-24 חודשים אחרונים,בניין קומת ביניים,2,402,79,"הראל חברה לביטוח בע""מ",כולל,כולל
259,"150,000",ב-24 חודשים אחרונים,בניין קומת ביניים,2,409,74,"ש. שלמה חברה לביטוח בע""מ",כולל,כולל
260,"150,000",ב-24 חודשים אחרונים,בניין קומת ביניים,2,480,72,"מנורה מבטחים ביטוח בע""מ",כולל,כולל
261,"150,000",ב-24 חודשים אחרונים,בניין קומת ביניים,2,500,81,"הפניקס חברה לביטוח בע""מ",כולל,כולל
262,"150,000",ב-24 חודשים אחרונים,בניין קומת ביניים,2,503,73,"הכשרה חברה לביטוח בע""מ",כולל,כולל
263,"150,000",ב-24 חודשים אחרונים,בניין קומת ביניים,2,517,77,"כלל חברה לביטוח בע""מ",כולל,כולל
264,"150,000",ב-24 חודשים אחרונים,בניין קומת ביניים,2,557,78,"שירביט חברה לביטוח בע""מ",כולל,כולל
265,"150,000",ב-24 חודשים אחרונים,בניין קומת ביניים,2,584,86,"איי. די. איי. חברה לביטוח בע""מ",כולל,כולל
266,"150,000",ב-24 חודשים אחרונים,בניין קומת ביניים,2,600,84,"שומרה חברה לביטוח בע""מ",כולל,כולל
267,"150,000",ב-24 חודשים אחרונים,בניין קומת ביניים,2,650,null,"ליברה חברה לביטוח בע""מ",כולל,כולל
268,"150,000",ב-24 חודשים אחרונים,בניין קומת ביניים,2,654,71,"איילון חברה לביטוח בע""מ",כולל,כולל
269,"150,000",ב-24 חודשים אחרונים,בניין קומת ביניים,2,685,84,"איי אי ג'י ישראל חברה לביטוח בע""מ",כולל,כולל
270,"150,000",ב-24 חודשים אחרונים,בניין קומת ביניים,2,863,null,"ווישור חברה לביטוח בע""מ",כולל,כולל
271,"150,000",ב-36 חודשים אחרונים,בניין קומת ביניים,2,351,76,"מגדל חברה לביטוח בע""מ",כולל,כולל
272,"150,000",ב-36 חודשים אחרונים,בניין קומת ביניים,2,393,80,"ביטוח חקלאי - אגודה שיתופית מרכזית בע""מ",כולל,כולל
273,"150,000",ב-36 חודשים אחרונים,בניין קומת ביניים,2,402,79,"הראל חברה לביטוח בע""מ",כולל,כולל
274,"150,000",ב-36 חודשים אחרונים,בניין קומת ביניים,2,409,74,"ש. שלמה חברה לביטוח בע""מ",כולל,כולל
275,"150,000",ב-36 חודשים אחרונים,בניין קומת ביניים,2,480,72,"מנורה מבטחים ביטוח בע""מ",כולל,כולל
276,"150,000",ב-36 חודשים אחרונים,בניין קומת ביניים,2,500,81,"הפניקס חברה לביטוח בע""מ",כולל,כולל
277,"150,000",ב-36 חודשים אחרונים,בניין קומת ביניים,2,503,73,"הכשרה חברה לביטוח בע""מ",כולל,כולל
278,"150,000",ב-36 חודשים אחרונים,בניין קומת ביניים,2,509,77,"כלל חברה לביטוח בע""מ",כולל,כולל
279,"150,000",ב-36 חודשים אחרונים,בניין קומת ביניים,2,557,78,"שירביט חברה לביטוח בע""מ",כולל,כולל
280,"150,000",ב-36 חודשים אחרונים,בניין קומת ביניים,2,584,86,"איי. די. איי. חברה לביטוח בע""מ",כולל,כולל
281,"150,000",ב-36 חודשים אחרונים,בניין קומת ביניים,2,600,84,"שומרה חברה לביטוח בע""מ",כולל,כולל
282,"150,000",ב-36 חודשים אחרונים,בניין קומת ביניים,2,650,null,"ליברה חברה לביטוח בע""מ",כולל,כולל
283,"150,000",ב-36 חודשים אחרונים,בניין קומת ביניים,2,654,84,"איי אי ג'י ישראל חברה לביטוח בע""מ",כולל,כולל
284,"150,000",ב-36 חודשים אחרונים,בניין קומת ביניים,2,654,71,"איילון חברה לביטוח בע""מ",כולל,כולל
285,"150,000",ב-36 חודשים אחרונים,בניין קומת ביניים,2,863,null,"ווישור חברה לביטוח בע""מ",כולל,כולל
286,"150,000",יותר מאחת בשלוש שנים,בניין קומת ביניים,2,351,76,"מגדל חברה לביטוח בע""מ",כולל,כולל
287,"150,000",יותר מאחת בשלוש שנים,בניין קומת ביניים,2,393,80,"ביטוח חקלאי - אגודה שיתופית מרכזית בע""מ",כולל,כולל
288,"150,000",יותר מאחת בשלוש שנים,בניין קומת ביניים,2,402,79,"הראל חברה לביטוח בע""מ",כולל,כולל
289,"150,000",יותר מאחת בשלוש שנים,בניין קומת ביניים,2,409,74,"ש. שלמה חברה לביטוח בע""מ",כולל,כולל
290,"150,000",יותר מאחת בשלוש שנים,בניין קומת ביניים,2,480,72,"מנורה מבטחים ביטוח בע""מ",כולל,כולל
291,"150,000",יותר מאחת בשלוש שנים,בניין קומת ביניים,2,500,81,"הפניקס חברה לביטוח בע""מ",כולל,כולל
292,"150,000",יותר מאחת בשלוש שנים,בניין קומת ביניים,2,503,73,"הכשרה חברה לביטוח בע""מ",כולל,כולל
293,"150,000",יותר מאחת בשלוש שנים,בניין קומת ביניים,2,525,77,"כלל חברה לביטוח בע""מ",כולל,כולל
294,"150,000",יותר מאחת בשלוש שנים,בניין קומת ביניים,2,557,78,"שירביט חברה לביטוח בע""מ",כולל,כולל
295,"150,000",יותר מאחת בשלוש שנים,בניין קומת ביניים,2,584,86,"איי. די. איי. חברה לביטוח בע""מ",כולל,כולל
296,"150,000",יותר מאחת בשלוש שנים,בניין קומת ביניים,2,600,84,"שומרה חברה לביטוח בע""מ",כולל,כולל
297,"150,000",יותר מאחת בשלוש שנים,בניין קומת ביניים,2,650,null,"ליברה חברה לביטוח בע""מ",כולל,כולל
298,"150,000",יותר מאחת בשלוש שנים,בניין קומת ביניים,2,703,71,"איילון חברה לביטוח בע""מ",כולל,כולל
299,"150,000",יותר מאחת בשלוש שנים,בניין קומת ביניים,2,863,null,"ווישור חברה לביטוח בע""מ",כולל,כולל
300,"150,000",יותר מאחת בשלוש שנים,בניין קומת ביניים,2,871,84,"איי אי ג'י ישראל חברה לביטוח בע""מ",כולל,כולל
301,"150,000",ללא תביעות,בניין קומה אחרונה,null,384,76,"מגדל חברה לביטוח בע""מ",כולל,כולל
302,"150,000",ללא תביעות,בניין קומה אחרונה,null,445,80,"ביטוח חקלאי - אגודה שיתופית מרכזית בע""מ",כולל,כולל
303,"150,000",ללא תביעות,בניין קומה אחרונה,null,465,73,"הכשרה חברה לביטוח בע""מ",כולל,כולל
304,"150,000",ללא תביעות,בניין קומה אחרונה,null,471,74,"ש. שלמה חברה לביטוח בע""מ",כולל,כולל
305,"150,000",ללא תביעות,בניין קומה אחרונה,null,500,81,"הפניקס חברה לביטוח בע""מ",כולל,כולל
306,"150,000",ללא תביעות,בניין קומה אחרונה,null,510,72,"מנורה מבטחים ביטוח בע""מ",כולל,כולל
307,"150,000",ללא תביעות,בניין קומה אחרונה,null,516,77,"כלל חברה לביטוח בע""מ",כולל,כולל
308,"150,000",ללא תביעות,בניין קומה אחרונה,null,547,79,"הראל חברה לביטוח בע""מ",כולל,כולל
309,"150,000",ללא תביעות,בניין קומה אחרונה,null,568,84,"איי אי ג'י ישראל חברה לביטוח בע""מ",כולל,כולל
310,"150,000",ללא תביעות,בניין קומה אחרונה,null,600,84,"שומרה חברה לביטוח בע""מ",כולל,כולל
311,"150,000",ללא תביעות,בניין קומה אחרונה,null,618,78,"שירביט חברה לביטוח בע""מ",כולל,כולל
312,"150,000",ללא תביעות,בניין קומה אחרונה,null,650,null,"ליברה חברה לביטוח בע""מ",כולל,כולל
313,"150,000",ללא תביעות,בניין קומה אחרונה,null,665,86,"איי. די. איי. חברה לביטוח בע""מ",כולל,כולל
314,"150,000",ללא תביעות,בניין קומה אחרונה,null,794,71,"איילון חברה לביטוח בע""מ",כולל,כולל
315,"150,000",ללא תביעות,בניין קומה אחרונה,null,863,null,"ווישור חברה לביטוח בע""מ",כולל,כולל
316,"150,000",ב-12 חודשים אחרונים,בניין קומה אחרונה,null,445,80,"ביטוח חקלאי - אגודה שיתופית מרכזית בע""מ",כולל,כולל
317,"150,000",ב-12 חודשים אחרונים,בניין קומה אחרונה,null,463,76,"מגדל חברה לביטוח בע""מ",כולל,כולל
318,"150,000",ב-12 חודשים אחרונים,בניין קומה אחרונה,null,471,74,"ש. שלמה חברה לביטוח בע""מ",כולל,כולל
319,"150,000",ב-12 חודשים אחרונים,בניין קומה אחרונה,null,500,81,"הפניקס חברה לביטוח בע""מ",כולל,כולל
320,"150,000",ב-12 חודשים אחרונים,בניין קומה אחרונה,null,503,73,"הכשרה חברה לביטוח בע""מ",כולל,כולל
321,"150,000",ב-12 חודשים אחרונים,בניין קומה אחרונה,null,510,72,"מנורה מבטחים ביטוח בע""מ",כולל,כולל
322,"150,000",ב-12 חודשים אחרונים,בניין קומה אחרונה,null,540,77,"כלל חברה לביטוח בע""מ",כולל,כולל
323,"150,000",ב-12 חודשים אחרונים,בניין קומה אחרונה,null,547,79,"הראל חברה לביטוח בע""מ",כולל,כולל
324,"150,000",ב-12 חודשים אחרונים,בניין קומה אחרונה,null,600,84,"שומרה חברה לביטוח בע""מ",כולל,כולל
325,"150,000",ב-12 חודשים אחרונים,בניין קומה אחרונה,null,655,null,"ליברה חברה לביטוח בע""מ",כולל,כולל
326,"150,000",ב-12 חודשים אחרונים,בניין קומה אחרונה,null,665,86,"איי. די. איי. חברה לביטוח בע""מ",כולל,כולל
327,"150,000",ב-12 חודשים אחרונים,בניין קומה אחרונה,null,682,78,"שירביט חברה לביטוח בע""מ",כולל,כולל
328,"150,000",ב-12 חודשים אחרונים,בניין קומה אחרונה,null,727,84,"איי אי ג'י ישראל חברה לביטוח בע""מ",כולל,כולל
329,"150,000",ב-12 חודשים אחרונים,בניין קומה אחרונה,null,850,71,"איילון חברה לביטוח בע""מ",כולל,כולל
330,"150,000",ב-12 חודשים אחרונים,בניין קומה אחרונה,null,863,null,"ווישור חברה לביטוח בע""מ",כולל,כולל
331,"150,000",ב-24 חודשים אחרונים,בניין קומה אחרונה,null,445,80,"ביטוח חקלאי - אגודה שיתופית מרכזית בע""מ",כולל,כולל
332,"150,000",ב-24 חודשים אחרונים,בניין קומה אחרונה,null,463,76,"מגדל חברה לביטוח בע""מ",כולל,כולל
333,"150,000",ב-24 חודשים אחרונים,בניין קומה אחרונה,null,471,74,"ש. שלמה חברה לביטוח בע""מ",כולל,כולל
334,"150,000",ב-24 חודשים אחרונים,בניין קומה אחרונה,null,500,81,"הפניקס חברה לביטוח בע""מ",כולל,כולל
335,"150,000",ב-24 חודשים אחרונים,בניין קומה אחרונה,null,503,73,"הכשרה חברה לביטוח בע""מ",כולל,כולל
336,"150,000",ב-24 חודשים אחרונים,בניין קומה אחרונה,null,510,72,"מנורה מבטחים ביטוח בע""מ",כולל,כולל
337,"150,000",ב-24 חודשים אחרונים,בניין קומה אחרונה,null,532,77,"כלל חברה לביטוח בע""מ",כולל,כולל
338,"150,000",ב-24 חודשים אחרונים,בניין קומה אחרונה,null,547,79,"הראל חברה לביטוח בע""מ",כולל,כולל
339,"150,000",ב-24 חודשים אחרונים,בניין קומה אחרונה,null,600,84,"שומרה חברה לביטוח בע""מ",כולל,כולל
340,"150,000",ב-24 חודשים אחרונים,בניין קומה אחרונה,null,655,null,"ליברה חברה לביטוח בע""מ",כולל,כולל
341,"150,000",ב-24 חודשים אחרונים,בניין קומה אחרונה,null,655,86,"איי. די. איי. חברה לביטוח בע""מ",כולל,כולל
342,"150,000",ב-24 חודשים אחרונים,בניין קומה אחרונה,null,682,78,"שירביט חברה לביטוח בע""מ",כולל,כולל
343,"150,000",ב-24 חודשים אחרונים,בניין קומה אחרונה,null,695,84,"איי אי ג'י ישראל חברה לביטוח בע""מ",כולל,כולל
344,"150,000",ב-24 חודשים אחרונים,בניין קומה אחרונה,null,850,71,"איילון חברה לביטוח בע""מ",כולל,כולל
345,"150,000",ב-24 חודשים אחרונים,בניין קומה אחרונה,null,863,null,"ווישור חברה לביטוח בע""מ",כולל,כולל
346,"150,000",ב-36 חודשים אחרונים,בניין קומה אחרונה,null,445,80,"ביטוח חקלאי - אגודה שיתופית מרכזית בע""מ",כולל,כולל
347,"150,000",ב-36 חודשים אחרונים,בניין קומה אחרונה,null,463,76,"מגדל חברה לביטוח בע""מ",כולל,כולל
348,"150,000",ב-36 חודשים אחרונים,בניין קומה אחרונה,null,471,74,"ש. שלמה חברה לביטוח בע""מ",כולל,כולל
349,"150,000",ב-36 חודשים אחרונים,בניין קומה אחרונה,null,500,81,"הפניקס חברה לביטוח בע""מ",כולל,כולל
350,"150,000",ב-36 חודשים אחרונים,בניין קומה אחרונה,null,503,73,"הכשרה חברה לביטוח בע""מ",כולל,כולל
351,"150,000",ב-36 חודשים אחרונים,בניין קומה אחרונה,null,510,72,"מנורה מבטחים ביטוח בע""מ",כולל,כולל
352,"150,000",ב-36 חודשים אחרונים,בניין קומה אחרונה,null,524,77,"כלל חברה לביטוח בע""מ",כולל,כולל
353,"150,000",ב-36 חודשים אחרונים,בניין קומה אחרונה,null,547,79,"הראל חברה לביטוח בע""מ",כולל,כולל
354,"150,000",ב-36 חודשים אחרונים,בניין קומה אחרונה,null,600,84,"שומרה חברה לביטוח בע""מ",כולל,כולל
355,"150,000",ב-36 חודשים אחרונים,בניין קומה אחרונה,null,650,null,"ליברה חברה לביטוח בע""מ",כולל,כולל
356,"150,000",ב-36 חודשים אחרונים,בניין קומה אחרונה,null,663,84,"איי אי ג'י ישראל חברה לביטוח בע""מ",כולל,כולל
357,"150,000",ב-36 חודשים אחרונים,בניין קומה אחרונה,null,665,86,"איי. די. איי. חברה לביטוח בע""מ",כולל,כולל
358,"150,000",ב-36 חודשים אחרונים,בניין קומה אחרונה,null,682,78,"שירביט חברה לביטוח בע""מ",כולל,כולל
359,"150,000",ב-36 חודשים אחרונים,בניין קומה אחרונה,null,850,71,"איילון חברה לביטוח בע""מ",כולל,כולל
360,"150,000",ב-36 חודשים אחרונים,בניין קומה אחרונה,null,863,null,"ווישור חברה לביטוח בע""מ",כולל,כולל
361,"150,000",יותר מאחת בשלוש שנים,בניין קומה אחרונה,null,445,80,"ביטוח חקלאי - אגודה שיתופית מרכזית בע""מ",כולל,כולל
362,"150,000",יותר מאחת בשלוש שנים,בניין קומה אחרונה,null,463,76,"מגדל חברה לביטוח בע""מ",כולל,כולל
363,"150,000",יותר מאחת בשלוש שנים,בניין קומה אחרונה,null,471,74,"ש. שלמה חברה לביטוח בע""מ",כולל,כולל
364,"150,000",יותר מאחת בשלוש שנים,בניין קומה אחרונה,null,500,81,"הפניקס חברה לביטוח בע""מ",כולל,כולל
365,"150,000",יותר מאחת בשלוש שנים,בניין קומה אחרונה,null,503,73,"הכשרה חברה לביטוח בע""מ",כולל,כולל
366,"150,000",יותר מאחת בשלוש שנים,בניין קומה אחרונה,null,510,72,"מנורה מבטחים ביטוח בע""מ",כולל,כולל
367,"150,000",יותר מאחת בשלוש שנים,בניין קומה אחרונה,null,540,77,"כלל חברה לביטוח בע""מ",כולל,כולל
368,"150,000",יותר מאחת בשלוש שנים,בניין קומה אחרונה,null,547,79,"הראל חברה לביטוח בע""מ",כולל,כולל
369,"150,000",יותר מאחת בשלוש שנים,בניין קומה אחרונה,null,600,84,"שומרה חברה לביטוח בע""מ",כולל,כולל
370,"150,000",יותר מאחת בשלוש שנים,בניין קומה אחרונה,null,655,null,"ליברה חברה לביטוח בע""מ",כולל,כולל
371,"150,000",יותר מאחת בשלוש שנים,בניין קומה אחרונה,null,665,86,"איי. די. איי. חברה לביטוח בע""מ",כולל,כולל
372,"150,000",יותר מאחת בשלוש שנים,בניין קומה אחרונה,null,682,78,"שירביט חברה לביטוח בע""מ",כולל,כולל
373,"150,000",יותר מאחת בשלוש שנים,בניין קומה אחרונה,null,863,null,"ווישור חברה לביטוח בע""מ",כולל,כולל
374,"150,000",יותר מאחת בשלוש שנים,בניין קומה אחרונה,null,886,84,"איי אי ג'י ישראל חברה לביטוח בע""מ",כולל,כולל
375,"150,000",יותר מאחת בשלוש שנים,בניין קומה אחרונה,null,914,71,"איילון חברה לביטוח בע""מ",כולל,כולל
376,"150,000",ללא תביעות,בניין קומת גג,null,384,76,"מגדל חברה לביטוח בע""מ",כולל,כולל
377,"150,000",ללא תביעות,בניין קומת גג,null,445,80,"ביטוח חקלאי - אגודה שיתופית מרכזית בע""מ",כולל,כולל
378,"150,000",ללא תביעות,בניין קומת גג,null,465,73,"הכשרה חברה לביטוח בע""מ",כולל,כולל
379,"150,000",ללא תביעות,בניין קומת גג,null,471,74,"ש. שלמה חברה לביטוח בע""מ",כולל,כולל
380,"150,000",ללא תביעות,בניין קומת גג,null,500,81,"הפניקס חברה לביטוח בע""מ",כולל,כולל
381,"150,000",ללא תביעות,בניין קומת גג,null,510,72,"מנורה מבטחים ביטוח בע""מ",כולל,כולל
382,"150,000",ללא תביעות,בניין קומת גג,null,516,77,"כלל חברה לביטוח בע""מ",כולל,כולל
383,"150,000",ללא תביעות,בניין קומת גג,null,568,84,"איי אי ג'י ישראל חברה לביטוח בע""מ",כולל,כולל
384,"150,000",ללא תביעות,בניין קומת גג,null,596,79,"הראל חברה לביטוח בע""מ",כולל,כולל
385,"150,000",ללא תביעות,בניין קומת גג,null,600,84,"שומרה חברה לביטוח בע""מ",כולל,כולל
386,"150,000",ללא תביעות,בניין קומת גג,null,665,86,"איי. די. איי. חברה לביטוח בע""מ",כולל,כולל
387,"150,000",ללא תביעות,בניין קומת גג,null,706,null,"ליברה חברה לביטוח בע""מ",כולל,כולל
388,"150,000",ללא תביעות,בניין קומת גג,null,794,71,"איילון חברה לביטוח בע""מ",כולל,כולל
389,"150,000",ללא תביעות,בניין קומת גג,null,795,78,"שירביט חברה לביטוח בע""מ",כולל,כולל
390,"150,000",ללא תביעות,בניין קומת גג,null,863,null,"ווישור חברה לביטוח בע""מ",כולל,כולל
391,"150,000",ב-12 חודשים אחרונים,בניין קומת גג,null,445,80,"ביטוח חקלאי - אגודה שיתופית מרכזית בע""מ",כולל,כולל
392,"150,000",ב-12 חודשים אחרונים,בניין קומת גג,null,463,76,"מגדל חברה לביטוח בע""מ",כולל,כולל
393,"150,000",ב-12 חודשים אחרונים,בניין קומת גג,null,471,74,"ש. שלמה חברה לביטוח בע""מ",כולל,כולל
394,"150,000",ב-12 חודשים אחרונים,בניין קומת גג,null,500,81,"הפניקס חברה לביטוח בע""מ",כולל,כולל
395,"150,000",ב-12 חודשים אחרונים,בניין קומת גג,null,503,73,"הכשרה חברה לביטוח בע""מ",כולל,כולל
396,"150,000",ב-12 חודשים אחרונים,בניין קומת גג,null,510,72,"מנורה מבטחים ביטוח בע""מ",כולל,כולל
397,"150,000",ב-12 חודשים אחרונים,בניין קומת גג,null,540,77,"כלל חברה לביטוח בע""מ",כולל,כולל
398,"150,000",ב-12 חודשים אחרונים,בניין קומת גג,null,596,79,"הראל חברה לביטוח בע""מ",כולל,כולל
399,"150,000",ב-12 חודשים אחרונים,בניין קומת גג,null,600,84,"שומרה חברה לביטוח בע""מ",כולל,כולל
400,"150,000",ב-12 חודשים אחרונים,בניין קומת גג,null,665,86,"איי. די. איי. חברה לביטוח בע""מ",כולל,כולל
401,"150,000",ב-12 חודשים אחרונים,בניין קומת גג,null,727,84,"איי אי ג'י ישראל חברה לביטוח בע""מ",כולל,כולל
402,"150,000",ב-12 חודשים אחרונים,בניין קומת גג,null,760,null,"ליברה חברה לביטוח בע""מ",כולל,כולל
403,"150,000",ב-12 חודשים אחרונים,בניין קומת גג,null,850,71,"איילון חברה לביטוח בע""מ",כולל,כולל
404,"150,000",ב-12 חודשים אחרונים,בניין קומת גג,null,863,null,"ווישור חברה לביטוח בע""מ",כולל,כולל
405,"150,000",ב-12 חודשים אחרונים,בניין קומת גג,null,881,78,"שירביט חברה לביטוח בע""מ",כולל,כולל
406,"150,000",ב-24 חודשים אחרונים,בניין קומת גג,null,445,80,"ביטוח חקלאי - אגודה שיתופית מרכזית בע""מ",כולל,כולל
407,"150,000",ב-24 חודשים אחרונים,בניין קומת גג,null,463,76,"מגדל חברה לביטוח בע""מ",כולל,כולל
408,"150,000",ב-24 חודשים אחרונים,בניין קומת גג,null,471,74,"ש. שלמה חברה לביטוח בע""מ",כולל,כולל
409,"150,000",ב-24 חודשים אחרונים,בניין קומת גג,null,500,81,"הפניקס חברה לביטוח בע""מ",כולל,כולל
410,"150,000",ב-24 חודשים אחרונים,בניין קומת גג,null,503,73,"הכשרה חברה לביטוח בע""מ",כולל,כולל
411,"150,000",ב-24 חודשים אחרונים,בניין קומת גג,null,510,72,"מנורה מבטחים ביטוח בע""מ",כולל,כולל
412,"150,000",ב-24 חודשים אחרונים,בניין קומת גג,null,532,77,"כלל חברה לביטוח בע""מ",כולל,כולל
413,"150,000",ב-24 חודשים אחרונים,בניין קומת גג,null,596,79,"הראל חברה לביטוח בע""מ",כולל,כולל
414,"150,000",ב-24 חודשים אחרונים,בניין קומת גג,null,600,84,"שומרה חברה לביטוח בע""מ",כולל,כולל
415,"150,000",ב-24 חודשים אחרונים,בניין קומת גג,null,665,86,"איי. די. איי. חברה לביטוח בע""מ",כולל,כולל
416,"150,000",ב-24 חודשים אחרונים,בניין קומת גג,null,695,84,"איי אי ג'י ישראל חברה לביטוח בע""מ",כולל,כולל
417,"150,000",ב-24 חודשים אחרונים,בניין קומת גג,null,760,null,"ליברה חברה לביטוח בע""מ",כולל,כולל
418,"150,000",ב-24 חודשים אחרונים,בניין קומת גג,null,850,71,"איילון חברה לביטוח בע""מ",כולל,כולל
419,"150,000",ב-24 חודשים אחרונים,בניין קומת גג,null,863,null,"ווישור חברה לביטוח בע""מ",כולל,כולל
420,"150,000",ב-24 חודשים אחרונים,בניין קומת גג,null,881,78,"שירביט חברה לביטוח בע""מ",כולל,כולל
421,"150,000",ב-36 חודשים אחרונים,בניין קומת גג,null,445,80,"ביטוח חקלאי - אגודה שיתופית מרכזית בע""מ",כולל,כולל
422,"150,000",ב-36 חודשים אחרונים,בניין קומת גג,null,463,76,"מגדל חברה לביטוח בע""מ",כולל,כולל
423,"150,000",ב-36 חודשים אחרונים,בניין קומת גג,null,471,74,"ש. שלמה חברה לביטוח בע""מ",כולל,כולל
424,"150,000",ב-36 חודשים אחרונים,בניין קומת גג,null,500,81,"הפניקס חברה לביטוח בע""מ",כולל,כולל
425,"150,000",ב-36 חודשים אחרונים,בניין קומת גג,null,503,73,"הכשרה חברה לביטוח בע""מ",כולל,כולל
426,"150,000",ב-36 חודשים אחרונים,בניין קומת גג,null,510,72,"מנורה מבטחים ביטוח בע""מ",כולל,כולל
427,"150,000",ב-36 חודשים אחרונים,בניין קומת גג,null,524,77,"כלל חברה לביטוח בע""מ",כולל,כולל
428,"150,000",ב-36 חודשים אחרונים,בניין קומת גג,null,596,79,"הראל חברה לביטוח בע""מ",כולל,כולל
429,"150,000",ב-36 חודשים אחרונים,בניין קומת גג,null,600,84,"שומרה חברה לביטוח בע""מ",כולל,כולל
430,"150,000",ב-36 חודשים אחרונים,בניין קומת גג,null,663,84,"איי אי ג'י ישראל חברה לביטוח בע""מ",כולל,כולל
431,"150,000",ב-36 חודשים אחרונים,בניין קומת גג,null,665,86,"איי. די. איי. חברה לביטוח בע""מ",כולל,כולל
432,"150,000",ב-36 חודשים אחרונים,בניין קומת גג,null,733,null,"ליברה חברה לביטוח בע""מ",כולל,כולל
433,"150,000",ב-36 חודשים אחרונים,בניין קומת גג,null,850,71,"איילון חברה לביטוח בע""מ",כולל,כולל
434,"150,000",ב-36 חודשים אחרונים,בניין קומת גג,null,863,null,"ווישור חברה לביטוח בע""מ",כולל,כולל
435,"150,000",ב-36 חודשים אחרונים,בניין קומת גג,null,881,78,"שירביט חברה לביטוח בע""מ",כולל,כולל
436,"150,000",יותר מאחת בשלוש שנים,בניין קומת גג,null,445,80,"ביטוח חקלאי - אגודה שיתופית מרכזית בע""מ",כולל,כולל
437,"150,000",יותר מאחת בשלוש שנים,בניין קומת גג,null,463,76,"מגדל חברה לביטוח בע""מ",כולל,כולל
438,"150,000",יותר מאחת בשלוש שנים,בניין קומת גג,null,471,74,"ש. שלמה חברה לביטוח בע""מ",כולל,כולל
439,"150,000",יותר מאחת בשלוש שנים,בניין קומת גג,null,500,81,"הפניקס חברה לביטוח בע""מ",כולל,כולל
440,"150,000",יותר מאחת בשלוש שנים,בניין קומת גג,null,503,73,"הכשרה חברה לביטוח בע""מ",כולל,כולל
441,"150,000",יותר מאחת בשלוש שנים,בניין קומת גג,null,510,72,"מנורה מבטחים ביטוח בע""מ",כולל,כולל
442,"150,000",יותר מאחת בשלוש שנים,בניין קומת גג,null,540,77,"כלל חברה לביטוח בע""מ",כולל,כולל
443,"150,000",יותר מאחת בשלוש שנים,בניין קומת גג,null,596,79,"הראל חברה לביטוח בע""מ",כולל,כולל
444,"150,000",יותר מאחת בשלוש שנים,בניין קומת גג,null,600,84,"שומרה חברה לביטוח בע""מ",כולל,כולל
445,"150,000",יותר מאחת בשלוש שנים,בניין קומת גג,null,665,86,"איי. די. איי. חברה לביטוח בע""מ",כולל,כולל
446,"150,000",יותר מאחת בשלוש שנים,בניין קומת גג,null,760,null,"ליברה חברה לביטוח בע""מ",כולל,כולל
447,"150,000",יותר מאחת בשלוש שנים,בניין קומת גג,null,863,null,"ווישור חברה לביטוח בע""מ",כולל,כולל
448,"150,000",יותר מאחת בשלוש שנים,בניין קומת גג,null,881,78,"שירביט חברה לביטוח בע""מ",כולל,כולל
449,"150,000",יותר מאחת בשלוש שנים,בניין קומת גג,null,886,84,"איי אי ג'י ישראל חברה לביטוח בע""מ",כולל,כולל
450,"150,000",יותר מאחת בשלוש שנים,בניין קומת גג,null,914,71,"איילון חברה לביטוח בע""מ",כולל,כולל
451,"170,000",ללא תביעות,בית פרטי,null,422,76,"מגדל חברה לביטוח בע""מ",כולל,כולל
452,"170,000",ללא תביעות,בית פרטי,null,527,73,"הכשרה חברה לביטוח בע""מ",כולל,כולל
453,"170,000",ללא תביעות,בית פרטי,null,612,81,"הפניקס חברה לביטוח בע""מ",כולל,כולל
454,"170,000",ללא תביעות,בית פרטי,null,668,84,"שומרה חברה לביטוח בע""מ",כולל,כולל
455,"170,000",ללא תביעות,בית פרטי,null,669,80,"ביטוח חקלאי - אגודה שיתופית מרכזית בע""מ",כולל,כולל
456,"170,000",ללא תביעות,בית פרטי,null,676,79,"הראל חברה לביטוח בע""מ",כולל,כולל
457,"170,000",ללא תביעות,בית פרטי,null,722,72,"מנורה מבטחים ביטוח בע""מ",כולל,כולל
458,"170,000",ללא תביעות,בית פרטי,null,739,74,"ש. שלמה חברה לביטוח בע""מ",כולל,כולל
459,"170,000",ללא תביעות,בית פרטי,null,815,77,"כלל חברה לביטוח בע""מ",כולל,כולל
460,"170,000",ללא תביעות,בית פרטי,null,880,78,"שירביט חברה לביטוח בע""מ",כולל,כולל
461,"170,000",ללא תביעות,בית פרטי,null,886,86,"איי. די. איי. חברה לביטוח בע""מ",כולל,כולל
462,"170,000",ללא תביעות,בית פרטי,null,978,null,"ווישור חברה לביטוח בע""מ",כולל,כולל
463,"170,000",ללא תביעות,בית פרטי,null,"1,004",84,"איי אי ג'י ישראל חברה לביטוח בע""מ",כולל,כולל
464,"170,000",ללא תביעות,בית פרטי,null,"1,177",71,"איילון חברה לביטוח בע""מ",כולל,כולל
465,"170,000",ללא תביעות,בית פרטי,null,"1,384",null,"ליברה חברה לביטוח בע""מ",כולל,כולל
466,"170,000",ב-12 חודשים אחרונים,בית פרטי,null,561,76,"מגדל חברה לביטוח בע""מ",כולל,כולל
467,"170,000",ב-12 חודשים אחרונים,בית פרטי,null,570,73,"הכשרה חברה לביטוח בע""מ",כולל,כולל
468,"170,000",ב-12 חודשים אחרונים,בית פרטי,null,612,81,"הפניקס חברה לביטוח בע""מ",כולל,כולל
469,"170,000",ב-12 חודשים אחרונים,בית פרטי,null,668,84,"שומרה חברה לביטוח בע""מ",כולל,כולל
470,"170,000",ב-12 חודשים אחרונים,בית פרטי,null,669,80,"ביטוח חקלאי - אגודה שיתופית מרכזית בע""מ",כולל,כולל
471,"170,000",ב-12 חודשים אחרונים,בית פרטי,null,676,79,"הראל חברה לביטוח בע""מ",כולל,כולל
472,"170,000",ב-12 חודשים אחרונים,בית פרטי,null,722,72,"מנורה מבטחים ביטוח בע""מ",כולל,כולל
473,"170,000",ב-12 חודשים אחרונים,בית פרטי,null,739,74,"ש. שלמה חברה לביטוח בע""מ",כולל,כולל
474,"170,000",ב-12 חודשים אחרונים,בית פרטי,null,862,77,"כלל חברה לביטוח בע""מ",כולל,כולל
475,"170,000",ב-12 חודשים אחרונים,בית פרטי,null,886,86,"איי. די. איי. חברה לביטוח בע""מ",כולל,כולל
476,"170,000",ב-12 חודשים אחרונים,בית פרטי,null,975,78,"שירביט חברה לביטוח בע""מ",כולל,כולל
477,"170,000",ב-12 חודשים אחרונים,בית פרטי,null,978,null,"ווישור חברה לביטוח בע""מ",כולל,כולל
478,"170,000",ב-12 חודשים אחרונים,בית פרטי,null,"1,260",71,"איילון חברה לביטוח בע""מ",כולל,כולל
479,"170,000",ב-12 חודשים אחרונים,בית פרטי,null,"1,374",84,"איי אי ג'י ישראל חברה לביטוח בע""מ",כולל,כולל
480,"170,000",ב-12 חודשים אחרונים,בית פרטי,null,"1,511",null,"ליברה חברה לביטוח בע""מ",כולל,כולל
481,"170,000",ב-24 חודשים האחרונים,בית פרטי,null,561,76,"מגדל חברה לביטוח בע""מ",כולל,כולל
482,"170,000",ב-24 חודשים האחרונים,בית פרטי,null,570,73,"הכשרה חברה לביטוח בע""מ",כולל,כולל
483,"170,000",ב-24 חודשים האחרונים,בית פרטי,null,612,81,"הפניקס חברה לביטוח בע""מ",כולל,כולל
484,"170,000",ב-24 חודשים האחרונים,בית פרטי,null,668,84,"שומרה חברה לביטוח בע""מ",כולל,כולל
485,"170,000",ב-24 חודשים האחרונים,בית פרטי,null,669,80,"ביטוח חקלאי - אגודה שיתופית מרכזית בע""מ",כולל,כולל
486,"170,000",ב-24 חודשים האחרונים,בית פרטי,null,676,79,"הראל חברה לביטוח בע""מ",כולל,כולל
487,"170,000",ב-24 חודשים האחרונים,בית פרטי,null,722,72,"מנורה מבטחים ביטוח בע""מ",כולל,כולל
488,"170,000",ב-24 חודשים האחרונים,בית פרטי,null,739,74,"ש. שלמה חברה לביטוח בע""מ",כולל,כולל
489,"170,000",ב-24 חודשים האחרונים,בית פרטי,null,846,77,"כלל חברה לביטוח בע""מ",כולל,כולל
490,"170,000",ב-24 חודשים האחרונים,בית פרטי,null,886,86,"איי. די. איי. חברה לביטוח בע""מ",כולל,כולל
491,"170,000",ב-24 חודשים האחרונים,בית פרטי,null,975,78,"שירביט חברה לביטוח בע""מ",כולל,כולל
492,"170,000",ב-24 חודשים האחרונים,בית פרטי,null,978,null,"ווישור חברה לביטוח בע""מ",כולל,כולל
493,"170,000",ב-24 חודשים האחרונים,בית פרטי,null,"1,260",71,"איילון חברה לביטוח בע""מ",כולל,כולל
494,"170,000",ב-24 חודשים האחרונים,בית פרטי,null,"1,300",84,"איי אי ג'י ישראל חברה לביטוח בע""מ",כולל,כולל
495,"170,000",ב-24 חודשים האחרונים,בית פרטי,null,"1,511",null,"ליברה חברה לביטוח בע""מ",כולל,כולל
496,"170,000",ב-36 חודשים אחרונים,בית פרטי,null,561,76,"מגדל חברה לביטוח בע""מ",כולל,כולל
497,"170,000",ב-36 חודשים אחרונים,בית פרטי,null,570,73,"הכשרה חברה לביטוח בע""מ",כולל,כולל
498,"170,000",ב-36 חודשים אחרונים,בית פרטי,null,612,81,"הפניקס חברה לביטוח בע""מ",כולל,כולל
499,"170,000",ב-36 חודשים אחרונים,בית פרטי,null,668,84,"שומרה חברה לביטוח בע""מ",כולל,כולל
500,"170,000",ב-36 חודשים אחרונים,בית פרטי,null,669,80,"ביטוח חקלאי - אגודה שיתופית מרכזית בע""מ",כולל,כולל
501,"170,000",ב-36 חודשים אחרונים,בית פרטי,null,676,79,"הראל חברה לביטוח בע""מ",כולל,כולל
502,"170,000",ב-36 חודשים אחרונים,בית פרטי,null,722,72,"מנורה מבטחים ביטוח בע""מ",כולל,כולל
503,"170,000",ב-36 חודשים אחרונים,בית פרטי,null,739,74,"ש. שלמה חברה לביטוח בע""מ",כולל,כולל
504,"170,000",ב-36 חודשים אחרונים,בית פרטי,null,831,77,"כלל חברה לביטוח בע""מ",כולל,כולל
505,"170,000",ב-36 חודשים אחרונים,בית פרטי,null,886,86,"איי. די. איי. חברה לביטוח בע""מ",כולל,כולל
506,"170,000",ב-36 חודשים אחרונים,בית פרטי,null,975,78,"שירביט חברה לביטוח בע""מ",כולל,כולל
507,"170,000",ב-36 חודשים אחרונים,בית פרטי,null,978,null,"ווישור חברה לביטוח בע""מ",כולל,כולל
508,"170,000",ב-36 חודשים אחרונים,בית פרטי,null,"1,226",84,"איי אי ג'י ישראל חברה לביטוח בע""מ",כולל,כולל
509,"170,000",ב-36 חודשים אחרונים,בית פרטי,null,"1,260",71,"איילון חברה לביטוח בע""מ",כולל,כולל
510,"170,000",ב-36 חודשים אחרונים,בית פרטי,null,"1,447",null,"ליברה חברה לביטוח בע""מ",כולל,כולל
511,"170,000",יותר מאחת בשלוש שנים,בית פרטי,null,561,76,"מגדל חברה לביטוח בע""מ",כולל,כולל
512,"170,000",יותר מאחת בשלוש שנים,בית פרטי,null,570,73,"הכשרה חברה לביטוח בע""מ",כולל,כולל
513,"170,000",יותר מאחת בשלוש שנים,בית פרטי,null,612,81,"הפניקס חברה לביטוח בע""מ",כולל,כולל
514,"170,000",יותר מאחת בשלוש שנים,בית פרטי,null,668,84,"שומרה חברה לביטוח בע""מ",כולל,כולל
515,"170,000",יותר מאחת בשלוש שנים,בית פרטי,null,669,80,"ביטוח חקלאי - אגודה שיתופית מרכזית בע""מ",כולל,כולל
516,"170,000",יותר מאחת בשלוש שנים,בית פרטי,null,676,79,"הראל חברה לביטוח בע""מ",כולל,כולל
517,"170,000",יותר מאחת בשלוש שנים,בית פרטי,null,722,72,"מנורה מבטחים ביטוח בע""מ",כולל,כולל
518,"170,000",יותר מאחת בשלוש שנים,בית פרטי,null,739,74,"ש. שלמה חברה לביטוח בע""מ",כולל,כולל
519,"170,000",יותר מאחת בשלוש שנים,בית פרטי,null,862,77,"כלל חברה לביטוח בע""מ",כולל,כולל
520,"170,000",יותר מאחת בשלוש שנים,בית פרטי,null,886,86,"איי. די. איי. חברה לביטוח בע""מ",כולל,כולל
521,"170,000",יותר מאחת בשלוש שנים,בית פרטי,null,975,78,"שירביט חברה לביטוח בע""מ",כולל,כולל
522,"170,000",יותר מאחת בשלוש שנים,בית פרטי,null,978,null,"ווישור חברה לביטוח בע""מ",כולל,כולל
523,"170,000",יותר מאחת בשלוש שנים,בית פרטי,null,"1,354",71,"איילון חברה לביטוח בע""מ",כולל,כולל
524,"170,000",יותר מאחת בשלוש שנים,בית פרטי,null,"1,511",null,"ליברה חברה לביטוח בע""מ",כולל,כולל
525,"170,000",יותר מאחת בשלוש שנים,בית פרטי,null,"1,744",84,"איי אי ג'י ישראל חברה לביטוח בע""מ",כולל,כולל
526,"170,000",ללא תביעות,דו משפחתי,null,422,76,"מגדל חברה לביטוח בע""מ",כולל,כולל
527,"170,000",ללא תביעות,דו משפחתי,null,527,73,"הכשרה חברה לביטוח בע""מ",כולל,כולל
528,"170,000",ללא תביעות,דו משפחתי,null,612,81,"הפניקס חברה לביטוח בע""מ",כולל,כולל
529,"170,000",ללא תביעות,דו משפחתי,null,668,84,"שומרה חברה לביטוח בע""מ",כולל,כולל
530,"170,000",ללא תביעות,דו משפחתי,null,669,80,"ביטוח חקלאי - אגודה שיתופית מרכזית בע""מ",כולל,כולל
531,"170,000",ללא תביעות,דו משפחתי,null,676,79,"הראל חברה לביטוח בע""מ",כולל,כולל
532,"170,000",ללא תביעות,דו משפחתי,null,722,72,"מנורה מבטחים ביטוח בע""מ",כולל,כולל
533,"170,000",ללא תביעות,דו משפחתי,null,739,74,"ש. שלמה חברה לביטוח בע""מ",כולל,כולל
534,"170,000",ללא תביעות,דו משפחתי,null,771,84,"איי אי ג'י ישראל חברה לביטוח בע""מ",כולל,כולל
535,"170,000",ללא תביעות,דו משפחתי,null,815,77,"כלל חברה לביטוח בע""מ",כולל,כולל
536,"170,000",ללא תביעות,דו משפחתי,null,828,86,"איי. די. איי. חברה לביטוח בע""מ",כולל,כולל
537,"170,000",ללא תביעות,דו משפחתי,null,880,78,"שירביט חברה לביטוח בע""מ",כולל,כולל
538,"170,000",ללא תביעות,דו משפחתי,null,978,null,"ווישור חברה לביטוח בע""מ",כולל,כולל
539,"170,000",ללא תביעות,דו משפחתי,null,"1,177",71,"איילון חברה לביטוח בע""מ",כולל,כולל
540,"170,000",ללא תביעות,דו משפחתי,null,"1,384",null,"ליברה חברה לביטוח בע""מ",כולל,כולל
541,"170,000",ב-12 חודשים אחרונים,דו משפחתי,null,561,76,"מגדל חברה לביטוח בע""מ",כולל,כולל
542,"170,000",ב-12 חודשים אחרונים,דו משפחתי,null,570,73,"הכשרה חברה לביטוח בע""מ",כולל,כולל
543,"170,000",ב-12 חודשים אחרונים,דו משפחתי,null,612,81,"הפניקס חברה לביטוח בע""מ",כולל,כולל
544,"170,000",ב-12 חודשים אחרונים,דו משפחתי,null,668,84,"שומרה חברה לביטוח בע""מ",כולל,כולל
545,"170,000",ב-12 חודשים אחרונים,דו משפחתי,null,669,80,"ביטוח חקלאי - אגודה שיתופית מרכזית בע""מ",כולל,כולל
546,"170,000",ב-12 חודשים אחרונים,דו משפחתי,null,676,79,"הראל חברה לביטוח בע""מ",כולל,כולל
547,"170,000",ב-12 חודשים אחרונים,דו משפחתי,null,722,72,"מנורה מבטחים ביטוח בע""מ",כולל,כולל
548,"170,000",ב-12 חודשים אחרונים,דו משפחתי,null,739,74,"ש. שלמה חברה לביטוח בע""מ",כולל,כולל
549,"170,000",ב-12 חודשים אחרונים,דו משפחתי,null,828,86,"איי. די. איי. חברה לביטוח בע""מ",כולל,כולל
550,"170,000",ב-12 חודשים אחרונים,דו משפחתי,null,862,77,"כלל חברה לביטוח בע""מ",כולל,כולל
551,"170,000",ב-12 חודשים אחרונים,דו משפחתי,null,975,78,"שירביט חברה לביטוח בע""מ",כולל,כולל
552,"170,000",ב-12 חודשים אחרונים,דו משפחתי,null,978,null,"ווישור חברה לביטוח בע""מ",כולל,כולל
553,"170,000",ב-12 חודשים אחרונים,דו משפחתי,null,"1,025",84,"איי אי ג'י ישראל חברה לביטוח בע""מ",כולל,כולל
554,"170,000",ב-12 חודשים אחרונים,דו משפחתי,null,"1,260",71,"איילון חברה לביטוח בע""מ",כולל,כולל
555,"170,000",ב-12 חודשים אחרונים,דו משפחתי,null,"1,511",null,"ליברה חברה לביטוח בע""מ",כולל,כולל
556,"170,000",ב-24 חודשים אחרונים,דו משפחתי,null,561,76,"מגדל חברה לביטוח בע""מ",כולל,כולל
557,"170,000",ב-24 חודשים אחרונים,דו משפחתי,null,570,73,"הכשרה חברה לביטוח בע""מ",כולל,כולל
558,"170,000",ב-24 חודשים אחרונים,דו משפחתי,null,612,81,"הפניקס חברה לביטוח בע""מ",כולל,כולל
559,"170,000",ב-24 חודשים אחרונים,דו משפחתי,null,668,84,"שומרה חברה לביטוח בע""מ",כולל,כולל
560,"170,000",ב-24 חודשים אחרונים,דו משפחתי,null,669,80,"ביטוח חקלאי - אגודה שיתופית מרכזית בע""מ",כולל,כולל
561,"170,000",ב-24 חודשים אחרונים,דו משפחתי,null,676,79,"הראל חברה לביטוח בע""מ",כולל,כולל
562,"170,000",ב-24 חודשים אחרונים,דו משפחתי,null,722,72,"מנורה מבטחים ביטוח בע""מ",כולל,כולל
563,"170,000",ב-24 חודשים אחרונים,דו משפחתי,null,739,74,"ש. שלמה חברה לביטוח בע""מ",כולל,כולל
564,"170,000",ב-24 חודשים אחרונים,דו משפחתי,null,828,86,"איי. די. איי. חברה לביטוח בע""מ",כולל,כולל
565,"170,000",ב-24 חודשים אחרונים,דו משפחתי,null,846,77,"כלל חברה לביטוח בע""מ",כולל,כולל
566,"170,000",ב-24 חודשים אחרונים,דו משפחתי,null,974,84,"איי אי ג'י ישראל חברה לביטוח בע""מ",כולל,כולל
567,"170,000",ב-24 חודשים אחרונים,דו משפחתי,null,975,78,"שירביט חברה לביטוח בע""מ",כולל,כולל
568,"170,000",ב-24 חודשים אחרונים,דו משפחתי,null,978,null,"ווישור חברה לביטוח בע""מ",כולל,כולל
569,"170,000",ב-24 חודשים אחרונים,דו משפחתי,null,"1,260",71,"איילון חברה לביטוח בע""מ",כולל,כולל
570,"170,000",ב-24 חודשים אחרונים,דו משפחתי,null,"1,511",null,"ליברה חברה לביטוח בע""מ",כולל,כולל
571,"170,000",ב-36 חודשים אחרונים,דו משפחתי,null,561,76,"מגדל חברה לביטוח בע""מ",כולל,כולל
572,"170,000",ב-36 חודשים אחרונים,דו משפחתי,null,570,73,"הכשרה חברה לביטוח בע""מ",כולל,כולל
573,"170,000",ב-36 חודשים אחרונים,דו משפחתי,null,612,81,"הפניקס חברה לביטוח בע""מ",כולל,כולל
574,"170,000",ב-36 חודשים אחרונים,דו משפחתי,null,668,84,"שומרה חברה לביטוח בע""מ",כולל,כולל
575,"170,000",ב-36 חודשים אחרונים,דו משפחתי,null,669,80,"ביטוח חקלאי - אגודה שיתופית מרכזית בע""מ",כולל,כולל
576,"170,000",ב-36 חודשים אחרונים,דו משפחתי,null,676,79,"הראל חברה לביטוח בע""מ",כולל,כולל
577,"170,000",ב-36 חודשים אחרונים,דו משפחתי,null,722,72,"מנורה מבטחים ביטוח בע""מ",כולל,כולל
578,"170,000",ב-36 חודשים אחרונים,דו משפחתי,null,739,74,"ש. שלמה חברה לביטוח בע""מ",כולל,כולל
579,"170,000",ב-36 חודשים אחרונים,דו משפחתי,null,828,86,"איי. די. איי. חברה לביטוח בע""מ",כולל,כולל
580,"170,000",ב-36 חודשים אחרונים,דו משפחתי,null,831,77,"כלל חברה לביטוח בע""מ",כולל,כולל
581,"170,000",ב-36 חודשים אחרונים,דו משפחתי,null,924,84,"איי אי ג'י ישראל חברה לביטוח בע""מ",כולל,כולל
582,"170,000",ב-36 חודשים אחרונים,דו משפחתי,null,975,78,"שירביט חברה לביטוח בע""מ",כולל,כולל
583,"170,000",ב-36 חודשים אחרונים,דו משפחתי,null,978,null,"ווישור חברה לביטוח בע""מ",כולל,כולל
584,"170,000",ב-36 חודשים אחרונים,דו משפחתי,null,"1,260",71,"איילון חברה לביטוח בע""מ",כולל,כולל
585,"170,000",ב-36 חודשים אחרונים,דו משפחתי,null,"1,447",null,"ליברה חברה לביטוח בע""מ",כולל,כולל
586,"170,000",יותר מאחת בשלוש שנים,דו משפחתי,null,561,76,"מגדל חברה לביטוח בע""מ",כולל,כולל
587,"170,000",יותר מאחת בשלוש שנים,דו משפחתי,null,570,73,"הכשרה חברה לביטוח בע""מ",כולל,כולל
588,"170,000",יותר מאחת בשלוש שנים,דו משפחתי,null,612,81,"הפניקס חברה לביטוח בע""מ",כולל,כולל
589,"170,000",יותר מאחת בשלוש שנים,דו משפחתי,null,668,84,"שומרה חברה לביטוח בע""מ",כולל,כולל
590,"170,000",יותר מאחת בשלוש שנים,דו משפחתי,null,669,80,"ביטוח חקלאי - אגודה שיתופית מרכזית בע""מ",כולל,כולל
591,"170,000",יותר מאחת בשלוש שנים,דו משפחתי,null,676,79,"הראל חברה לביטוח בע""מ",כולל,כולל
592,"170,000",יותר מאחת בשלוש שנים,דו משפחתי,null,722,72,"מנורה מבטחים ביטוח בע""מ",כולל,כולל
593,"170,000",יותר מאחת בשלוש שנים,דו משפחתי,null,739,74,"ש. שלמה חברה לביטוח בע""מ",כולל,כולל
594,"170,000",יותר מאחת בשלוש שנים,דו משפחתי,null,828,86,"איי. די. איי. חברה לביטוח בע""מ",כולל,כולל
595,"170,000",יותר מאחת בשלוש שנים,דו משפחתי,null,862,77,"כלל חברה לביטוח בע""מ",כולל,כולל
596,"170,000",יותר מאחת בשלוש שנים,דו משפחתי,null,975,78,"שירביט חברה לביטוח בע""מ",כולל,כולל
597,"170,000",יותר מאחת בשלוש שנים,דו משפחתי,null,978,null,"ווישור חברה לביטוח בע""מ",כולל,כולל
598,"170,000",יותר מאחת בשלוש שנים,דו משפחתי,null,"1,279",84,"איי אי ג'י ישראל חברה לביטוח בע""מ",כולל,כולל
599,"170,000",יותר מאחת בשלוש שנים,דו משפחתי,null,"1,354",71,"איילון חברה לביטוח בע""מ",כולל,כולל
600,"170,000",יותר מאחת בשלוש שנים,דו משפחתי,null,"1,511",null,"ליברה חברה לביטוח בע""מ",כולל,כולל
601,"170,000",ללא תביעות,בניין קומת קרקע,null,422,76,"מגדל חברה לביטוח בע""מ",כולל,כולל
602,"170,000",ללא תביעות,בניין קומת קרקע,null,527,73,"הכשרה חברה לביטוח בע""מ",כולל,כולל
603,"170,000",ללא תביעות,בניין קומת קרקע,null,544,81,"הפניקס חברה לביטוח בע""מ",כולל,כולל
604,"170,000",ללא תביעות,בניין קומת קרקע,null,629,74,"ש. שלמה חברה לביטוח בע""מ",כולל,כולל
605,"170,000",ללא תביעות,בניין קומת קרקע,null,650,84,"איי אי ג'י ישראל חברה לביטוח בע""מ",כולל,כולל
606,"170,000",ללא תביעות,בניין קומת קרקע,null,668,84,"שומרה חברה לביטוח בע""מ",כולל,כולל
607,"170,000",ללא תביעות,בניין קומת קרקע,null,669,80,"ביטוח חקלאי - אגודה שיתופית מרכזית בע""מ",כולל,כולל
608,"170,000",ללא תביעות,בניין קומת קרקע,null,676,79,"הראל חברה לביטוח בע""מ",כולל,כולל
609,"170,000",ללא תביעות,בניין קומת קרקע,null,722,72,"מנורה מבטחים ביטוח בע""מ",כולל,כולל
610,"170,000",ללא תביעות,בניין קומת קרקע,null,815,77,"כלל חברה לביטוח בע""מ",כולל,כולל
611,"170,000",ללא תביעות,בניין קומת קרקע,null,818,86,"איי. די. איי. חברה לביטוח בע""מ",כולל,כולל
612,"170,000",ללא תביעות,בניין קומת קרקע,null,863,null,"ליברה חברה לביטוח בע""מ",כולל,כולל
613,"170,000",ללא תביעות,בניין קומת קרקע,null,899,78,"שירביט חברה לביטוח בע""מ",כולל,כולל
614,"170,000",ללא תביעות,בניין קומת קרקע,null,978,null,"ווישור חברה לביטוח בע""מ",כולל,כולל
615,"170,000",ללא תביעות,בניין קומת קרקע,null,"1,177",71,"איילון חברה לביטוח בע""מ",כולל,כולל
616,"170,000",ב-12 חודשים אחרונים,בניין קומת קרקע,null,544,81,"הפניקס חברה לביטוח בע""מ",כולל,כולל
617,"170,000",ב-12 חודשים אחרונים,בניין קומת קרקע,null,561,76,"מגדל חברה לביטוח בע""מ",כולל,כולל
618,"170,000",ב-12 חודשים אחרונים,בניין קומת קרקע,null,570,73,"הכשרה חברה לביטוח בע""מ",כולל,כולל
619,"170,000",ב-12 חודשים אחרונים,בניין קומת קרקע,null,629,74,"ש. שלמה חברה לביטוח בע""מ",כולל,כולל
620,"170,000",ב-12 חודשים אחרונים,בניין קומת קרקע,null,668,84,"שומרה חברה לביטוח בע""מ",כולל,כולל
621,"170,000",ב-12 חודשים אחרונים,בניין קומת קרקע,null,669,80,"ביטוח חקלאי - אגודה שיתופית מרכזית בע""מ",כולל,כולל
622,"170,000",ב-12 חודשים אחרונים,בניין קומת קרקע,null,676,79,"הראל חברה לביטוח בע""מ",כולל,כולל
623,"170,000",ב-12 חודשים אחרונים,בניין קומת קרקע,null,722,72,"מנורה מבטחים ביטוח בע""מ",כולל,כולל
624,"170,000",ב-12 חודשים אחרונים,בניין קומת קרקע,null,818,86,"איי. די. איי. חברה לביטוח בע""מ",כולל,כולל
625,"170,000",ב-12 חודשים אחרונים,בניין קומת קרקע,null,843,84,"איי אי ג'י ישראל חברה לביטוח בע""מ",כולל,כולל
626,"170,000",ב-12 חודשים אחרונים,בניין קומת קרקע,null,862,77,"כלל חברה לביטוח בע""מ",כולל,כולל
627,"170,000",ב-12 חודשים אחרונים,בניין קומת קרקע,null,933,null,"ליברה חברה לביטוח בע""מ",כולל,כולל
628,"170,000",ב-12 חודשים אחרונים,בניין קומת קרקע,null,978,null,"ווישור חברה לביטוח בע""מ",כולל,כולל
629,"170,000",ב-12 חודשים אחרונים,בניין קומת קרקע,null,996,78,"שירביט חברה לביטוח בע""מ",כולל,כולל
630,"170,000",ב-12 חודשים אחרונים,בניין קומת קרקע,null,"1,260",71,"איילון חברה לביטוח בע""מ",כולל,כולל
631,"170,000",ב-24 חודשים אחרונים,בניין קומת קרקע,null,544,81,"הפניקס חברה לביטוח בע""מ",כולל,כולל
632,"170,000",ב-24 חודשים אחרונים,בניין קומת קרקע,null,561,76,"מגדל חברה לביטוח בע""מ",כולל,כולל
633,"170,000",ב-24 חודשים אחרונים,בניין קומת קרקע,null,570,73,"הכשרה חברה לביטוח בע""מ",כולל,כולל
634,"170,000",ב-24 חודשים אחרונים,בניין קומת קרקע,null,629,74,"ש. שלמה חברה לביטוח בע""מ",כולל,כולל
635,"170,000",ב-24 חודשים אחרונים,בניין קומת קרקע,null,668,84,"שומרה חברה לביטוח בע""מ",כולל,כולל
636,"170,000",ב-24 חודשים אחרונים,בניין קומת קרקע,null,669,80,"ביטוח חקלאי - אגודה שיתופית מרכזית בע""מ",כולל,כולל
637,"170,000",ב-24 חודשים אחרונים,בניין קומת קרקע,null,676,79,"הראל חברה לביטוח בע""מ",כולל,כולל
638,"170,000",ב-24 חודשים אחרונים,בניין קומת קרקע,null,722,72,"מנורה מבטחים ביטוח בע""מ",כולל,כולל
639,"170,000",ב-24 חודשים אחרונים,בניין קומת קרקע,null,804,84,"איי אי ג'י ישראל חברה לביטוח בע""מ",כולל,כולל
640,"170,000",ב-24 חודשים אחרונים,בניין קומת קרקע,null,818,86,"איי. די. איי. חברה לביטוח בע""מ",כולל,כולל
641,"170,000",ב-24 חודשים אחרונים,בניין קומת קרקע,null,846,77,"כלל חברה לביטוח בע""מ",כולל,כולל
642,"170,000",ב-24 חודשים אחרונים,בניין קומת קרקע,null,933,null,"ליברה חברה לביטוח בע""מ",כולל,כולל
643,"170,000",ב-24 חודשים אחרונים,בניין קומת קרקע,null,978,null,"ווישור חברה לביטוח בע""מ",כולל,כולל
644,"170,000",ב-24 חודשים אחרונים,בניין קומת קרקע,null,996,78,"שירביט חברה לביטוח בע""מ",כולל,כולל
645,"170,000",ב-24 חודשים אחרונים,בניין קומת קרקע,null,"1,260",71,"איילון חברה לביטוח בע""מ",כולל,כולל
646,"170,000",ב-36 חודשים אחרונים,בניין קומת קרקע,null,544,81,"הפניקס חברה לביטוח בע""מ",כולל,כולל
647,"170,000",ב-36 חודשים אחרונים,בניין קומת קרקע,null,561,76,"מגדל חברה לביטוח בע""מ",כולל,כולל
648,"170,000",ב-36 חודשים אחרונים,בניין קומת קרקע,null,570,73,"הכשרה חברה לביטוח בע""מ",כולל,כולל
649,"170,000",ב-36 חודשים אחרונים,בניין קומת קרקע,null,629,74,"ש. שלמה חברה לביטוח בע""מ",כולל,כולל
650,"170,000",ב-36 חודשים אחרונים,בניין קומת קרקע,null,668,84,"שומרה חברה לביטוח בע""מ",כולל,כולל
651,"170,000",ב-36 חודשים אחרונים,בניין קומת קרקע,null,669,80,"ביטוח חקלאי - אגודה שיתופית מרכזית בע""מ",כולל,כולל
652,"170,000",ב-36 חודשים אחרונים,בניין קומת קרקע,null,676,79,"הראל חברה לביטוח בע""מ",כולל,כולל
653,"170,000",ב-36 חודשים אחרונים,בניין קומת קרקע,null,722,72,"מנורה מבטחים ביטוח בע""מ",כולל,כולל
654,"170,000",ב-36 חודשים אחרונים,בניין קומת קרקע,null,766,84,"איי אי ג'י ישראל חברה לביטוח בע""מ",כולל,כולל
655,"170,000",ב-36 חודשים אחרונים,בניין קומת קרקע,null,818,86,"איי. די. איי. חברה לביטוח בע""מ",כולל,כולל
656,"170,000",ב-36 חודשים אחרונים,בניין קומת קרקע,null,831,77,"כלל חברה לביטוח בע""מ",כולל,כולל
657,"170,000",ב-36 חודשים אחרונים,בניין קומת קרקע,null,898,null,"ליברה חברה לביטוח בע""מ",כולל,כולל
658,"170,000",ב-36 חודשים אחרונים,בניין קומת קרקע,null,978,null,"ווישור חברה לביטוח בע""מ",כולל,כולל
659,"170,000",ב-36 חודשים אחרונים,בניין קומת קרקע,null,996,78,"שירביט חברה לביטוח בע""מ",כולל,כולל
660,"170,000",ב-36 חודשים אחרונים,בניין קומת קרקע,null,"1,260",71,"איילון חברה לביטוח בע""מ",כולל,כולל
661,"170,000",יותר מאחת בשלוש שנים,בניין קומת קרקע,null,544,81,"הפניקס חברה לביטוח בע""מ",כולל,כולל
662,"170,000",יותר מאחת בשלוש שנים,בניין קומת קרקע,null,561,76,"מגדל חברה לביטוח בע""מ",כולל,כולל
663,"170,000",יותר מאחת בשלוש שנים,בניין קומת קרקע,null,570,73,"הכשרה חברה לביטוח בע""מ",כולל,כולל
664,"170,000",יותר מאחת בשלוש שנים,בניין קומת קרקע,null,629,74,"ש. שלמה חברה לביטוח בע""מ",כולל,כולל
665,"170,000",יותר מאחת בשלוש שנים,בניין קומת קרקע,null,668,84,"שומרה חברה לביטוח בע""מ",כולל,כולל
666,"170,000",יותר מאחת בשלוש שנים,בניין קומת קרקע,null,669,80,"ביטוח חקלאי - אגודה שיתופית מרכזית בע""מ",כולל,כולל
667,"170,000",יותר מאחת בשלוש שנים,בניין קומת קרקע,null,676,79,"הראל חברה לביטוח בע""מ",כולל,כולל
668,"170,000",יותר מאחת בשלוש שנים,בניין קומת קרקע,null,722,72,"מנורה מבטחים ביטוח בע""מ",כולל,כולל
669,"170,000",יותר מאחת בשלוש שנים,בניין קומת קרקע,null,818,86,"איי. די. איי. חברה לביטוח בע""מ",כולל,כולל
670,"170,000",יותר מאחת בשלוש שנים,בניין קומת קרקע,null,862,77,"כלל חברה לביטוח בע""מ",כולל,כולל
671,"170,000",יותר מאחת בשלוש שנים,בניין קומת קרקע,null,933,null,"ליברה חברה לביטוח בע""מ",כולל,כולל
672,"170,000",יותר מאחת בשלוש שנים,בניין קומת קרקע,null,978,null,"ווישור חברה לביטוח בע""מ",כולל,כולל
673,"170,000",יותר מאחת בשלוש שנים,בניין קומת קרקע,null,996,78,"שירביט חברה לביטוח בע""מ",כולל,כולל
674,"170,000",יותר מאחת בשלוש שנים,בניין קומת קרקע,null,"1,036",84,"איי אי ג'י ישראל חברה לביטוח בע""מ",כולל,כולל
675,"170,000",יותר מאחת בשלוש שנים,בניין קומת קרקע,null,"1,354",71,"איילון חברה לביטוח בע""מ",כולל,כולל
676,"170,000",ללא תביעות,בניין קומת ביניים,5,316,76,"מגדל חברה לביטוח בע""מ",כולל,כולל
677,"170,000",ללא תביעות,בניין קומת ביניים,5,413,80,"ביטוח חקלאי - אגודה שיתופית מרכזית בע""מ",כולל,כולל
678,"170,000",ללא תביעות,בניין קומת ביניים,5,454,74,"ש. שלמה חברה לביטוח בע""מ",כולל,כולל
679,"170,000",ללא תביעות,בניין קומת ביניים,5,456,79,"הראל חברה לביטוח בע""מ",כולל,כולל
680,"170,000",ללא תביעות,בניין קומת ביניים,5,500,81,"הפניקס חברה לביטוח בע""מ",כולל,כולל
681,"170,000",ללא תביעות,בניין קומת ביניים,5,527,73,"הכשרה חברה לביטוח בע""מ",כולל,כולל
682,"170,000",ללא תביעות,בניין קומת ביניים,5,538,84,"איי אי ג'י ישראל חברה לביטוח בע""מ",כולל,כולל
683,"170,000",ללא תביעות,בניין קומת ביניים,5,542,78,"שירביט חברה לביטוח בע""מ",כולל,כולל
684,"170,000",ללא תביעות,בניין קומת ביניים,5,544,72,"מנורה מבטחים ביטוח בע""מ",כולל,כולל
685,"170,000",ללא תביעות,בניין קומת ביניים,5,568,77,"כלל חברה לביטוח בע""מ",כולל,כולל
686,"170,000",ללא תביעות,בניין קומת ביניים,5,600,84,"שומרה חברה לביטוח בע""מ",כולל,כולל
687,"170,000",ללא תביעות,בניין קומת ביניים,5,615,86,"איי. די. איי. חברה לביטוח בע""מ",כולל,כולל
688,"170,000",ללא תביעות,בניין קומת ביניים,5,650,null,"ליברה חברה לביטוח בע""מ",כולל,כולל
689,"170,000",ללא תביעות,בניין קומת ביניים,5,693,71,"איילון חברה לביטוח בע""מ",כולל,כולל
690,"170,000",ללא תביעות,בניין קומת ביניים,5,978,null,"ווישור חברה לביטוח בע""מ",כולל,כולל
691,"170,000",ב-12 חודשים אחרונים,בניין קומת ביניים,5,398,76,"מגדל חברה לביטוח בע""מ",כולל,כולל
692,"170,000",ב-12 חודשים אחרונים,בניין קומת ביניים,5,413,80,"ביטוח חקלאי - אגודה שיתופית מרכזית בע""מ",כולל,כולל
693,"170,000",ב-12 חודשים אחרונים,בניין קומת ביניים,5,454,74,"ש. שלמה חברה לביטוח בע""מ",כולל,כולל
694,"170,000",ב-12 חודשים אחרונים,בניין קומת ביניים,5,456,79,"הראל חברה לביטוח בע""מ",כולל,כולל
695,"170,000",ב-12 חודשים אחרונים,בניין קומת ביניים,5,500,81,"הפניקס חברה לביטוח בע""מ",כולל,כולל
696,"170,000",ב-12 חודשים אחרונים,בניין קומת ביניים,5,544,72,"מנורה מבטחים ביטוח בע""מ",כולל,כולל
697,"170,000",ב-12 חודשים אחרונים,בניין קומת ביניים,5,570,73,"הכשרה חברה לביטוח בע""מ",כולל,כולל
698,"170,000",ב-12 חודשים אחרונים,בניין קומת ביניים,5,594,78,"שירביט חברה לביטוח בע""מ",כולל,כולל
699,"170,000",ב-12 חודשים אחרונים,בניין קומת ביניים,5,595,77,"כלל חברה לביטוח בע""מ",כולל,כולל
700,"170,000",ב-12 חודשים אחרונים,בניין קומת ביניים,5,600,84,"שומרה חברה לביטוח בע""מ",כולל,כולל
701,"170,000",ב-12 חודשים אחרונים,בניין קומת ביניים,5,615,86,"איי. די. איי. חברה לביטוח בע""מ",כולל,כולל
702,"170,000",ב-12 חודשים אחרונים,בניין קומת ביניים,5,650,null,"ליברה חברה לביטוח בע""מ",כולל,כולל
703,"170,000",ב-12 חודשים אחרונים,בניין קומת ביניים,5,675,84,"איי אי ג'י ישראל חברה לביטוח בע""מ",כולל,כולל
704,"170,000",ב-12 חודשים אחרונים,בניין קומת ביניים,5,741,71,"איילון חברה לביטוח בע""מ",כולל,כולל
705,"170,000",ב-12 חודשים אחרונים,בניין קומת ביניים,5,978,null,"ווישור חברה לביטוח בע""מ",כולל,כולל
706,"170,000",ב-24 חודשים אחרונים,בניין קומת ביניים,5,398,76,"מגדל חברה לביטוח בע""מ",כולל,כולל
707,"170,000",ב-24 חודשים אחרונים,בניין קומת ביניים,5,413,80,"ביטוח חקלאי - אגודה שיתופית מרכזית בע""מ",כולל,כולל
708,"170,000",ב-24 חודשים אחרונים,בניין קומת ביניים,5,454,74,"ש. שלמה חברה לביטוח בע""מ",כולל,כולל
709,"170,000",ב-24 חודשים אחרונים,בניין קומת ביניים,5,456,79,"הראל חברה לביטוח בע""מ",כולל,כולל
710,"170,000",ב-24 חודשים אחרונים,בניין קומת ביניים,5,500,81,"הפניקס חברה לביטוח בע""מ",כולל,כולל
711,"170,000",ב-24 חודשים אחרונים,בניין קומת ביניים,5,544,72,"מנורה מבטחים ביטוח בע""מ",כולל,כולל
712,"170,000",ב-24 חודשים אחרונים,בניין קומת ביניים,5,570,73,"הכשרה חברה לביטוח בע""מ",כולל,כולל
713,"170,000",ב-24 חודשים אחרונים,בניין קומת ביניים,5,586,77,"כלל חברה לביטוח בע""מ",כולל,כולל
714,"170,000",ב-24 חודשים אחרונים,בניין קומת ביניים,5,594,78,"שירביט חברה לביטוח בע""מ",כולל,כולל
715,"170,000",ב-24 חודשים אחרונים,בניין קומת ביניים,5,600,84,"שומרה חברה לביטוח בע""מ",כולל,כולל
716,"170,000",ב-24 חודשים אחרונים,בניין קומת ביניים,5,615,86,"איי. די. איי. חברה לביטוח בע""מ",כולל,כולל
717,"170,000",ב-24 חודשים אחרונים,בניין קומת ביניים,5,648,84,"איי אי ג'י ישראל חברה לביטוח בע""מ",כולל,כולל
718,"170,000",ב-24 חודשים אחרונים,בניין קומת ביניים,5,650,null,"ליברה חברה לביטוח בע""מ",כולל,כולל
719,"170,000",ב-24 חודשים אחרונים,בניין קומת ביניים,5,741,71,"איילון חברה לביטוח בע""מ",כולל,כולל
720,"170,000",ב-24 חודשים אחרונים,בניין קומת ביניים,5,978,null,"ווישור חברה לביטוח בע""מ",כולל,כולל
721,"170,000",ב-36 חודשים אחרונים,בניין קומת ביניים,5,398,76,"מגדל חברה לביטוח בע""מ",כולל,כולל
722,"170,000",ב-36 חודשים אחרונים,בניין קומת ביניים,5,413,80,"ביטוח חקלאי - אגודה שיתופית מרכזית בע""מ",כולל,כולל
723,"170,000",ב-36 חודשים אחרונים,בניין קומת ביניים,5,454,74,"ש. שלמה חברה לביטוח בע""מ",כולל,כולל
724,"170,000",ב-36 חודשים אחרונים,בניין קומת ביניים,5,456,79,"הראל חברה לביטוח בע""מ",כולל,כולל
725,"170,000",ב-36 חודשים אחרונים,בניין קומת ביניים,5,500,81,"הפניקס חברה לביטוח בע""מ",כולל,כולל
726,"170,000",ב-36 חודשים אחרונים,בניין קומת ביניים,5,544,72,"מנורה מבטחים ביטוח בע""מ",כולל,כולל
727,"170,000",ב-36 חודשים אחרונים,בניין קומת ביניים,5,570,73,"הכשרה חברה לביטוח בע""מ",כולל,כולל
728,"170,000",ב-36 חודשים אחרונים,בניין קומת ביניים,5,577,77,"כלל חברה לביטוח בע""מ",כולל,כולל
729,"170,000",ב-36 חודשים אחרונים,בניין קומת ביניים,5,594,78,"שירביט חברה לביטוח בע""מ",כולל,כולל
730,"170,000",ב-36 חודשים אחרונים,בניין קומת ביניים,5,600,84,"שומרה חברה לביטוח בע""מ",כולל,כולל
731,"170,000",ב-36 חודשים אחרונים,בניין קומת ביניים,5,615,86,"איי. די. איי. חברה לביטוח בע""מ",כולל,כולל
732,"170,000",ב-36 חודשים אחרונים,בניין קומת ביניים,5,620,84,"איי אי ג'י ישראל חברה לביטוח בע""מ",כולל,כולל
733,"170,000",ב-36 חודשים אחרונים,בניין קומת ביניים,5,650,null,"ליברה חברה לביטוח בע""מ",כולל,כולל
734,"170,000",ב-36 חודשים אחרונים,בניין קומת ביניים,5,741,71,"איילון חברה לביטוח בע""מ",כולל,כולל
735,"170,000",ב-36 חודשים אחרונים,בניין קומת ביניים,5,978,null,"ווישור חברה לביטוח בע""מ",כולל,כולל
736,"170,000",יותר מאחת בשלוש שנים,בניין קומת ביניים,5,398,76,"מגדל חברה לביטוח בע""מ",כולל,כולל
737,"170,000",יותר מאחת בשלוש שנים,בניין קומת ביניים,5,413,80,"ביטוח חקלאי - אגודה שיתופית מרכזית בע""מ",כולל,כולל
738,"170,000",יותר מאחת בשלוש שנים,בניין קומת ביניים,5,454,74,"ש. שלמה חברה לביטוח בע""מ",כולל,כולל
739,"170,000",יותר מאחת בשלוש שנים,בניין קומת ביניים,5,456,79,"הראל חברה לביטוח בע""מ",כולל,כולל
740,"170,000",יותר מאחת בשלוש שנים,בניין קומת ביניים,5,500,81,"הפניקס חברה לביטוח בע""מ",כולל,כולל
741,"170,000",יותר מאחת בשלוש שנים,בניין קומת ביניים,5,544,72,"מנורה מבטחים ביטוח בע""מ",כולל,כולל
742,"170,000",יותר מאחת בשלוש שנים,בניין קומת ביניים,5,570,73,"הכשרה חברה לביטוח בע""מ",כולל,כולל
743,"170,000",יותר מאחת בשלוש שנים,בניין קומת ביניים,5,594,78,"שירביט חברה לביטוח בע""מ",כולל,כולל
744,"170,000",יותר מאחת בשלוש שנים,בניין קומת ביניים,5,595,77,"כלל חברה לביטוח בע""מ",כולל,כולל
745,"170,000",יותר מאחת בשלוש שנים,בניין קומת ביניים,5,600,84,"שומרה חברה לביטוח בע""מ",כולל,כולל
746,"170,000",יותר מאחת בשלוש שנים,בניין קומת ביניים,5,615,86,"איי. די. איי. חברה לביטוח בע""מ",כולל,כולל
747,"170,000",יותר מאחת בשלוש שנים,בניין קומת ביניים,5,650,null,"ליברה חברה לביטוח בע""מ",כולל,כולל
748,"170,000",יותר מאחת בשלוש שנים,בניין קומת ביניים,5,796,71,"איילון חברה לביטוח בע""מ",כולל,כולל
749,"170,000",יותר מאחת בשלוש שנים,בניין קומת ביניים,5,812,84,"איי אי ג'י ישראל חברה לביטוח בע""מ",כולל,כולל
750,"170,000",יותר מאחת בשלוש שנים,בניין קומת ביניים,5,978,null,"ווישור חברה לביטוח בע""מ",כולל,כולל
751,"170,000",ללא תביעות,בניין קומה אחרונה,null,403,76,"מגדל חברה לביטוח בע""מ",כולל,כולל
752,"170,000",ללא תביעות,בניין קומה אחרונה,null,500,81,"הפניקס חברה לביטוח בע""מ",כולל,כולל
753,"170,000",ללא תביעות,בניין קומה אחרונה,null,503,80,"ביטוח חקלאי - אגודה שיתופית מרכזית בע""מ",כולל,כולל
754,"170,000",ללא תביעות,בניין קומה אחרונה,null,522,74,"ש. שלמה חברה לביטוח בע""מ",כולל,כולל
755,"170,000",ללא תביעות,בניין קומה אחרונה,null,527,73,"הכשרה חברה לביטוח בע""מ",כולל,כולל
756,"170,000",ללא תביעות,בניין קומה אחרונה,null,578,72,"מנורה מבטחים ביטוח בע""מ",כולל,כולל
757,"170,000",ללא תביעות,בניין קומה אחרונה,null,584,77,"כלל חברה לביטוח בע""מ",כולל,כולל
758,"170,000",ללא תביעות,בניין קומה אחרונה,null,601,84,"איי אי ג'י ישראל חברה לביטוח בע""מ",כולל,כולל
759,"170,000",ללא תביעות,בניין קומה אחרונה,null,620,79,"הראל חברה לביטוח בע""מ",כולל,כולל
760,"170,000",ללא תביעות,בניין קומה אחרונה,null,667,78,"שירביט חברה לביטוח בע""מ",כולל,כולל
761,"170,000",ללא תביעות,בניין קומה אחרונה,null,668,84,"שומרה חברה לביטוח בע""מ",כולל,כולל
762,"170,000",ללא תביעות,בניין קומה אחרונה,null,680,null,"ליברה חברה לביטוח בע""מ",כולל,כולל
763,"170,000",ללא תביעות,בניין קומה אחרונה,null,706,86,"איי. די. איי. חברה לביטוח בע""מ",כולל,כולל
764,"170,000",ללא תביעות,בניין קומה אחרונה,null,900,71,"איילון חברה לביטוח בע""מ",כולל,כולל
765,"170,000",ללא תביעות,בניין קומה אחרונה,null,978,null,"ווישור חברה לביטוח בע""מ",כולל,כולל
766,"170,000",ב-12 חודשים אחרונים,בניין קומה אחרונה,null,500,81,"הפניקס חברה לביטוח בע""מ",כולל,כולל
767,"170,000",ב-12 חודשים אחרונים,בניין קומה אחרונה,null,503,80,"ביטוח חקלאי - אגודה שיתופית מרכזית בע""מ",כולל,כולל
768,"170,000",ב-12 חודשים אחרונים,בניין קומה אחרונה,null,522,74,"ש. שלמה חברה לביטוח בע""מ",כולל,כולל
769,"170,000",ב-12 חודשים אחרונים,בניין קומה אחרונה,null,525,76,"מגדל חברה לביטוח בע""מ",כולל,כולל
770,"170,000",ב-12 חודשים אחרונים,בניין קומה אחרונה,null,570,73,"הכשרה חברה לביטוח בע""מ",כולל,כולל
771,"170,000",ב-12 חודשים אחרונים,בניין קומה אחרונה,null,578,72,"מנורה מבטחים ביטוח בע""מ",כולל,כולל
772,"170,000",ב-12 חודשים אחרונים,בניין קומה אחרונה,null,612,77,"כלל חברה לביטוח בע""מ",כולל,כולל
773,"170,000",ב-12 חודשים אחרונים,בניין קומה אחרונה,null,620,79,"הראל חברה לביטוח בע""מ",כולל,כולל
774,"170,000",ב-12 חודשים אחרונים,בניין קומה אחרונה,null,668,84,"שומרה חברה לביטוח בע""מ",כולל,כולל
775,"170,000",ב-12 חודשים אחרונים,בניין קומה אחרונה,null,706,86,"איי. די. איי. חברה לביטוח בע""מ",כולל,כולל
776,"170,000",ב-12 חודשים אחרונים,בניין קומה אחרונה,null,729,null,"ליברה חברה לביטוח בע""מ",כולל,כולל
777,"170,000",ב-12 חודשים אחרונים,בניין קומה אחרונה,null,735,78,"שירביט חברה לביטוח בע""מ",כולל,כולל
778,"170,000",ב-12 חודשים אחרונים,בניין קומה אחרונה,null,769,84,"איי אי ג'י ישראל חברה לביטוח בע""מ",כולל,כולל
779,"170,000",ב-12 חודשים אחרונים,בניין קומה אחרונה,null,963,71,"איילון חברה לביטוח בע""מ",כולל,כולל
780,"170,000",ב-12 חודשים אחרונים,בניין קומה אחרונה,null,978,null,"ווישור חברה לביטוח בע""מ",כולל,כולל
781,"170,000",ב-24 חודשים אחרונים,בניין קומה אחרונה,null,500,81,"הפניקס חברה לביטוח בע""מ",כולל,כולל
782,"170,000",ב-24 חודשים אחרונים,בניין קומה אחרונה,null,503,80,"ביטוח חקלאי - אגודה שיתופית מרכזית בע""מ",כולל,כולל
783,"170,000",ב-24 חודשים אחרונים,בניין קומה אחרונה,null,522,74,"ש. שלמה חברה לביטוח בע""מ",כולל,כולל
784,"170,000",ב-24 חודשים אחרונים,בניין קומה אחרונה,null,525,76,"מגדל חברה לביטוח בע""מ",כולל,כולל
785,"170,000",ב-24 חודשים אחרונים,בניין קומה אחרונה,null,570,73,"הכשרה חברה לביטוח בע""מ",כולל,כולל
786,"170,000",ב-24 חודשים אחרונים,בניין קומה אחרונה,null,578,72,"מנורה מבטחים ביטוח בע""מ",כולל,כולל
787,"170,000",ב-24 חודשים אחרונים,בניין קומה אחרונה,null,603,77,"כלל חברה לביטוח בע""מ",כולל,כולל
788,"170,000",ב-24 חודשים אחרונים,בניין קומה אחרונה,null,620,79,"הראל חברה לביטוח בע""מ",כולל,כולל
789,"170,000",ב-24 חודשים אחרונים,בניין קומה אחרונה,null,668,84,"שומרה חברה לביטוח בע""מ",כולל,כולל
790,"170,000",ב-24 חודשים אחרונים,בניין קומה אחרונה,null,706,86,"איי. די. איי. חברה לביטוח בע""מ",כולל,כולל
791,"170,000",ב-24 חודשים אחרונים,בניין קומה אחרונה,null,729,null,"ליברה חברה לביטוח בע""מ",כולל,כולל
792,"170,000",ב-24 חודשים אחרונים,בניין קומה אחרונה,null,735,84,"איי אי ג'י ישראל חברה לביטוח בע""מ",כולל,כולל
793,"170,000",ב-24 חודשים אחרונים,בניין קומה אחרונה,null,735,78,"שירביט חברה לביטוח בע""מ",כולל,כולל
794,"170,000",ב-24 חודשים אחרונים,בניין קומה אחרונה,null,963,71,"איילון חברה לביטוח בע""מ",כולל,כולל
795,"170,000",ב-24 חודשים אחרונים,בניין קומה אחרונה,null,978,null,"ווישור חברה לביטוח בע""מ",כולל,כולל
796,"170,000",ב-36 חודשים אחרונים,בניין קומה אחרונה,null,500,81,"הפניקס חברה לביטוח בע""מ",כולל,כולל
797,"170,000",ב-36 חודשים אחרונים,בניין קומה אחרונה,null,503,80,"ביטוח חקלאי - אגודה שיתופית מרכזית בע""מ",כולל,כולל
798,"170,000",ב-36 חודשים אחרונים,בניין קומה אחרונה,null,522,74,"ש. שלמה חברה לביטוח בע""מ",כולל,כולל
799,"170,000",ב-36 חודשים אחרונים,בניין קומה אחרונה,null,525,76,"מגדל חברה לביטוח בע""מ",כולל,כולל
800,"170,000",ב-36 חודשים אחרונים,בניין קומה אחרונה,null,570,73,"הכשרה חברה לביטוח בע""מ",כולל,כולל
801,"170,000",ב-36 חודשים אחרונים,בניין קומה אחרונה,null,578,72,"מנורה מבטחים ביטוח בע""מ",כולל,כולל
802,"170,000",ב-36 חודשים אחרונים,בניין קומה אחרונה,null,594,77,"כלל חברה לביטוח בע""מ",כולל,כולל
803,"170,000",ב-36 חודשים אחרונים,בניין קומה אחרונה,null,620,79,"הראל חברה לביטוח בע""מ",כולל,כולל
804,"170,000",ב-36 חודשים אחרונים,בניין קומה אחרונה,null,668,84,"שומרה חברה לביטוח בע""מ",כולל,כולל
805,"170,000",ב-36 חודשים אחרונים,בניין קומה אחרונה,null,702,84,"איי אי ג'י ישראל חברה לביטוח בע""מ",כולל,כולל
806,"170,000",ב-36 חודשים אחרונים,בניין קומה אחרונה,null,704,null,"ליברה חברה לביטוח בע""מ",כולל,כולל
807,"170,000",ב-36 חודשים אחרונים,בניין קומה אחרונה,null,706,86,"איי. די. איי. חברה לביטוח בע""מ",כולל,כולל
808,"170,000",ב-36 חודשים אחרונים,בניין קומה אחרונה,null,735,78,"שירביט חברה לביטוח בע""מ",כולל,כולל
809,"170,000",ב-36 חודשים אחרונים,בניין קומה אחרונה,null,963,71,"איילון חברה לביטוח בע""מ",כולל,כולל
810,"170,000",ב-36 חודשים אחרונים,בניין קומה אחרונה,null,978,null,"ווישור חברה לביטוח בע""מ",כולל,כולל
811,"170,000",יותר מאחת בשלוש שנים,בניין קומה אחרונה,null,500,81,"הפניקס חברה לביטוח בע""מ",כולל,כולל
812,"170,000",יותר מאחת בשלוש שנים,בניין קומה אחרונה,null,503,80,"ביטוח חקלאי - אגודה שיתופית מרכזית בע""מ",כולל,כולל
813,"170,000",יותר מאחת בשלוש שנים,בניין קומה אחרונה,null,522,74,"ש. שלמה חברה לביטוח בע""מ",כולל,כולל
814,"170,000",יותר מאחת בשלוש שנים,בניין קומה אחרונה,null,525,76,"מגדל חברה לביטוח בע""מ",כולל,כולל
815,"170,000",יותר מאחת בשלוש שנים,בניין קומה אחרונה,null,570,73,"הכשרה חברה לביטוח בע""מ",כולל,כולל
816,"170,000",יותר מאחת בשלוש שנים,בניין קומה אחרונה,null,578,72,"מנורה מבטחים ביטוח בע""מ",כולל,כולל
817,"170,000",יותר מאחת בשלוש שנים,בניין קומה אחרונה,null,612,77,"כלל חברה לביטוח בע""מ",כולל,כולל
818,"170,000",יותר מאחת בשלוש שנים,בניין קומה אחרונה,null,620,79,"הראל חברה לביטוח בע""מ",כולל,כולל
819,"170,000",יותר מאחת בשלוש שנים,בניין קומה אחרונה,null,668,84,"שומרה חברה לביטוח בע""מ",כולל,כולל
820,"170,000",יותר מאחת בשלוש שנים,בניין קומה אחרונה,null,706,86,"איי. די. איי. חברה לביטוח בע""מ",כולל,כולל
821,"170,000",יותר מאחת בשלוש שנים,בניין קומה אחרונה,null,729,null,"ליברה חברה לביטוח בע""מ",כולל,כולל
822,"170,000",יותר מאחת בשלוש שנים,בניין קומה אחרונה,null,735,78,"שירביט חברה לביטוח בע""מ",כולל,כולל
823,"170,000",יותר מאחת בשלוש שנים,בניין קומה אחרונה,null,937,84,"איי אי ג'י ישראל חברה לביטוח בע""מ",כולל,כולל
824,"170,000",יותר מאחת בשלוש שנים,בניין קומה אחרונה,null,978,null,"ווישור חברה לביטוח בע""מ",כולל,כולל
825,"170,000",יותר מאחת בשלוש שנים,בניין קומה אחרונה,null,"1,035",71,"איילון חברה לביטוח בע""מ",כולל,כולל
826,"170,000",ללא תביעות,בניין קומת גג,null,403,76,"מגדל חברה לביטוח בע""מ",כולל,כולל
827,"170,000",ללא תביעות,בניין קומת גג,null,500,81,"הפניקס חברה לביטוח בע""מ",כולל,כולל
828,"170,000",ללא תביעות,בניין קומת גג,null,503,80,"ביטוח חקלאי - אגודה שיתופית מרכזית בע""מ",כולל,כולל
829,"170,000",ללא תביעות,בניין קומת גג,null,522,74,"ש. שלמה חברה לביטוח בע""מ",כולל,כולל
830,"170,000",ללא תביעות,בניין קומת גג,null,527,73,"הכשרה חברה לביטוח בע""מ",כולל,כולל
831,"170,000",ללא תביעות,בניין קומת גג,null,578,72,"מנורה מבטחים ביטוח בע""מ",כולל,כולל
832,"170,000",ללא תביעות,בניין קומת גג,null,584,77,"כלל חברה לביטוח בע""מ",כולל,כולל
833,"170,000",ללא תביעות,בניין קומת גג,null,601,84,"איי אי ג'י ישראל חברה לביטוח בע""מ",כולל,כולל
834,"170,000",ללא תביעות,בניין קומת גג,null,668,84,"שומרה חברה לביטוח בע""מ",כולל,כולל
835,"170,000",ללא תביעות,בניין קומת גג,null,676,79,"הראל חברה לביטוח בע""מ",כולל,כולל
836,"170,000",ללא תביעות,בניין קומת גג,null,706,86,"איי. די. איי. חברה לביטוח בע""מ",כולל,כולל
837,"170,000",ללא תביעות,בניין קומת גג,null,787,null,"ליברה חברה לביטוח בע""מ",כולל,כולל
838,"170,000",ללא תביעות,בניין קומת גג,null,867,78,"שירביט חברה לביטוח בע""מ",כולל,כולל
839,"170,000",ללא תביעות,בניין קומת גג,null,900,71,"איילון חברה לביטוח בע""מ",כולל,כולל
840,"170,000",ללא תביעות,בניין קומת גג,null,978,null,"ווישור חברה לביטוח בע""מ",כולל,כולל
841,"170,000",ב-12 חודשים אחרונים,בניין קומת גג,null,500,81,"הפניקס חברה לביטוח בע""מ",כולל,כולל
842,"170,000",ב-12 חודשים אחרונים,בניין קומת גג,null,503,80,"ביטוח חקלאי - אגודה שיתופית מרכזית בע""מ",כולל,כולל
843,"170,000",ב-12 חודשים אחרונים,בניין קומת גג,null,522,74,"ש. שלמה חברה לביטוח בע""מ",כולל,כולל
844,"170,000",ב-12 חודשים אחרונים,בניין קומת גג,null,525,76,"מגדל חברה לביטוח בע""מ",כולל,כולל
845,"170,000",ב-12 חודשים אחרונים,בניין קומת גג,null,570,73,"הכשרה חברה לביטוח בע""מ",כולל,כולל
846,"170,000",ב-12 חודשים אחרונים,בניין קומת גג,null,578,72,"מנורה מבטחים ביטוח בע""מ",כולל,כולל
847,"170,000",ב-12 חודשים אחרונים,בניין קומת גג,null,612,77,"כלל חברה לביטוח בע""מ",כולל,כולל
848,"170,000",ב-12 חודשים אחרונים,בניין קומת גג,null,668,84,"שומרה חברה לביטוח בע""מ",כולל,כולל
849,"170,000",ב-12 חודשים אחרונים,בניין קומת גג,null,676,79,"הראל חברה לביטוח בע""מ",כולל,כולל
850,"170,000",ב-12 חודשים אחרונים,בניין קומת גג,null,706,86,"איי. די. איי. חברה לביטוח בע""מ",כולל,כולל
851,"170,000",ב-12 חודשים אחרונים,בניין קומת גג,null,769,84,"איי אי ג'י ישראל חברה לביטוח בע""מ",כולל,כולל
852,"170,000",ב-12 חודשים אחרונים,בניין קומת גג,null,848,null,"ליברה חברה לביטוח בע""מ",כולל,כולל
853,"170,000",ב-12 חודשים אחרונים,בניין קומת גג,null,961,78,"שירביט חברה לביטוח בע""מ",כולל,כולל
854,"170,000",ב-12 חודשים אחרונים,בניין קומת גג,null,963,71,"איילון חברה לביטוח בע""מ",כולל,כולל
855,"170,000",ב-12 חודשים אחרונים,בניין קומת גג,null,978,null,"ווישור חברה לביטוח בע""מ",כולל,כולל
856,"170,000",ב-24 חודשים אחרונים,בניין קומת גג,null,500,81,"הפניקס חברה לביטוח בע""מ",כולל,כולל
857,"170,000",ב-24 חודשים אחרונים,בניין קומת גג,null,503,80,"ביטוח חקלאי - אגודה שיתופית מרכזית בע""מ",כולל,כולל
858,"170,000",ב-24 חודשים אחרונים,בניין קומת גג,null,522,74,"ש. שלמה חברה לביטוח בע""מ",כולל,כולל
859,"170,000",ב-24 חודשים אחרונים,בניין קומת גג,null,525,76,"מגדל חברה לביטוח בע""מ",כולל,כולל
860,"170,000",ב-24 חודשים אחרונים,בניין קומת גג,null,570,73,"הכשרה חברה לביטוח בע""מ",כולל,כולל
861,"170,000",ב-24 חודשים אחרונים,בניין קומת גג,null,578,72,"מנורה מבטחים ביטוח בע""מ",כולל,כולל
862,"170,000",ב-24 חודשים אחרונים,בניין קומת גג,null,603,77,"כלל חברה לביטוח בע""מ",כולל,כולל
863,"170,000",ב-24 חודשים אחרונים,בניין קומת גג,null,668,84,"שומרה חברה לביטוח בע""מ",כולל,כולל
864,"170,000",ב-24 חודשים אחרונים,בניין קומת גג,null,676,79,"הראל חברה לביטוח בע""מ",כולל,כולל
865,"170,000",ב-24 חודשים אחרונים,בניין קומת גג,null,706,86,"איי. די. איי. חברה לביטוח בע""מ",כולל,כולל
866,"170,000",ב-24 חודשים אחרונים,בניין קומת גג,null,735,84,"איי אי ג'י ישראל חברה לביטוח בע""מ",כולל,כולל
867,"170,000",ב-24 חודשים אחרונים,בניין קומת גג,null,848,null,"ליברה חברה לביטוח בע""מ",כולל,כולל
868,"170,000",ב-24 חודשים אחרונים,בניין קומת גג,null,961,78,"שירביט חברה לביטוח בע""מ",כולל,כולל
869,"170,000",ב-24 חודשים אחרונים,בניין קומת גג,null,963,71,"איילון חברה לביטוח בע""מ",כולל,כולל
870,"170,000",ב-24 חודשים אחרונים,בניין קומת גג,null,978,null,"ווישור חברה לביטוח בע""מ",כולל,כולל
871,"170,000",ב-36 חודשים אחרונים,בניין קומת גג,null,500,81,"הפניקס חברה לביטוח בע""מ",כולל,כולל
872,"170,000",ב-36 חודשים אחרונים,בניין קומת גג,null,503,80,"ביטוח חקלאי - אגודה שיתופית מרכזית בע""מ",כולל,כולל
873,"170,000",ב-36 חודשים אחרונים,בניין קומת גג,null,522,74,"ש. שלמה חברה לביטוח בע""מ",כולל,כולל
874,"170,000",ב-36 חודשים אחרונים,בניין קומת גג,null,525,76,"מגדל חברה לביטוח בע""מ",כולל,כולל
875,"170,000",ב-36 חודשים אחרונים,בניין קומת גג,null,570,73,"הכשרה חברה לביטוח בע""מ",כולל,כולל
876,"170,000",ב-36 חודשים אחרונים,בניין קומת גג,null,578,72,"מנורה מבטחים ביטוח בע""מ",כולל,כולל
877,"170,000",ב-36 חודשים אחרונים,בניין קומת גג,null,594,77,"כלל חברה לביטוח בע""מ",כולל,כולל
878,"170,000",ב-36 חודשים אחרונים,בניין קומת גג,null,668,84,"שומרה חברה לביטוח בע""מ",כולל,כולל
879,"170,000",ב-36 חודשים אחרונים,בניין קומת גג,null,676,79,"הראל חברה לביטוח בע""מ",כולל,כולל
880,"170,000",ב-36 חודשים אחרונים,בניין קומת גג,null,702,84,"איי אי ג'י ישראל חברה לביטוח בע""מ",כולל,כולל
881,"170,000",ב-36 חודשים אחרונים,בניין קומת גג,null,706,86,"איי. די. איי. חברה לביטוח בע""מ",כולל,כולל
882,"170,000",ב-36 חודשים אחרונים,בניין קומת גג,null,817,null,"ליברה חברה לביטוח בע""מ",כולל,כולל
883,"170,000",ב-36 חודשים אחרונים,בניין קומת גג,null,961,78,"שירביט חברה לביטוח בע""מ",כולל,כולל
884,"170,000",ב-36 חודשים אחרונים,בניין קומת גג,null,963,71,"איילון חברה לביטוח בע""מ",כולל,כולל
885,"170,000",ב-36 חודשים אחרונים,בניין קומת גג,null,978,null,"ווישור חברה לביטוח בע""מ",כולל,כולל
886,"170,000",יותר מאחת בשלוש שנים,בניין קומת גג,null,500,81,"הפניקס חברה לביטוח בע""מ",כולל,כולל
887,"170,000",יותר מאחת בשלוש שנים,בניין קומת גג,null,503,80,"ביטוח חקלאי - אגודה שיתופית מרכזית בע""מ",כולל,כולל
888,"170,000",יותר מאחת בשלוש שנים,בניין קומת גג,null,522,74,"ש. שלמה חברה לביטוח בע""מ",כולל,כולל
889,"170,000",יותר מאחת בשלוש שנים,בניין קומת גג,null,525,76,"מגדל חברה לביטוח בע""מ",כולל,כולל
890,"170,000",יותר מאחת בשלוש שנים,בניין קומת גג,null,570,73,"הכשרה חברה לביטוח בע""מ",כולל,כולל
891,"170,000",יותר מאחת בשלוש שנים,בניין קומת גג,null,578,72,"מנורה מבטחים ביטוח בע""מ",כולל,כולל
892,"170,000",יותר מאחת בשלוש שנים,בניין קומת גג,null,612,77,"כלל חברה לביטוח בע""מ",כולל,כולל
893,"170,000",יותר מאחת בשלוש שנים,בניין קומת גג,null,668,84,"שומרה חברה לביטוח בע""מ",כולל,כולל
894,"170,000",יותר מאחת בשלוש שנים,בניין קומת גג,null,676,79,"הראל חברה לביטוח בע""מ",כולל,כולל
895,"170,000",יותר מאחת בשלוש שנים,בניין קומת גג,null,706,null,"ליברה חברה לביטוח בע""מ",כולל,כולל
896,"170,000",יותר מאחת בשלוש שנים,בניין קומת גג,null,848,86,"איי. די. איי. חברה לביטוח בע""מ",כולל,כולל
897,"170,000",יותר מאחת בשלוש שנים,בניין קומת גג,null,937,84,"איי אי ג'י ישראל חברה לביטוח בע""מ",כולל,כולל
898,"170,000",יותר מאחת בשלוש שנים,בניין קומת גג,null,961,78,"שירביט חברה לביטוח בע""מ",כולל,כולל
899,"170,000",יותר מאחת בשלוש שנים,בניין קומת גג,null,978,null,"ווישור חברה לביטוח בע""מ",כולל,כולל
900,"170,000",יותר מאחת בשלוש שנים,בניין קומת גג,null,"1,035",71,"איילון חברה לביטוח בע""מ",כולל,כולל
